-- MySQL dump 10.13  Distrib 8.0.21, for Win64 (x86_64)
--
-- Host: localhost    Database: zli
-- ------------------------------------------------------
-- Server version	8.0.28

/*!40101 SET @OLD_CHARACTER_SET_CLIENT=@@CHARACTER_SET_CLIENT */;
/*!40101 SET @OLD_CHARACTER_SET_RESULTS=@@CHARACTER_SET_RESULTS */;
/*!40101 SET @OLD_COLLATION_CONNECTION=@@COLLATION_CONNECTION */;
/*!50503 SET NAMES utf8 */;
/*!40103 SET @OLD_TIME_ZONE=@@TIME_ZONE */;
/*!40103 SET TIME_ZONE='+00:00' */;
/*!40014 SET @OLD_UNIQUE_CHECKS=@@UNIQUE_CHECKS, UNIQUE_CHECKS=0 */;
/*!40014 SET @OLD_FOREIGN_KEY_CHECKS=@@FOREIGN_KEY_CHECKS, FOREIGN_KEY_CHECKS=0 */;
/*!40101 SET @OLD_SQL_MODE=@@SQL_MODE, SQL_MODE='NO_AUTO_VALUE_ON_ZERO' */;
/*!40111 SET @OLD_SQL_NOTES=@@SQL_NOTES, SQL_NOTES=0 */;

--
-- Table structure for table `account_payment`
--

DROP TABLE IF EXISTS `account_payment`;
/*!40101 SET @saved_cs_client     = @@character_set_client */;
/*!50503 SET character_set_client = utf8mb4 */;
CREATE TABLE `account_payment` (
  `id` int NOT NULL AUTO_INCREMENT,
  `fullName` varchar(45) DEFAULT NULL,
  `cardNumber` varchar(45) NOT NULL,
  `cardDate` varchar(5) NOT NULL,
  `cardVCC` varchar(3) NOT NULL,
  `idUser` int NOT NULL,
  PRIMARY KEY (`id`),
  KEY `account_payment_ibfk_1_idx` (`idUser`),
  CONSTRAINT `account_payment_ibfk_1` FOREIGN KEY (`idUser`) REFERENCES `users` (`idUser`) ON DELETE CASCADE ON UPDATE RESTRICT
) ENGINE=InnoDB AUTO_INCREMENT=16 DEFAULT CHARSET=utf8mb4 COLLATE=utf8mb4_0900_ai_ci;
/*!40101 SET character_set_client = @saved_cs_client */;

--
-- Dumping data for table `account_payment`
--

LOCK TABLES `account_payment` WRITE;
/*!40000 ALTER TABLE `account_payment` DISABLE KEYS */;
INSERT INTO `account_payment` VALUES (1,'cu cu','1234123412341234','12/34','123',1),(7,'eitan german','1234123412341234','12/45','456',2),(12,'yana yana','123456789000000','12/65','444',4),(13,'dolev dolev','123456789000001','12/65','444',6),(14,'hanil hanil','123456789000033','12/65','578',3),(15,'yael yael','123456789000022','12/65','564',5);
/*!40000 ALTER TABLE `account_payment` ENABLE KEYS */;
UNLOCK TABLES;

--
-- Table structure for table `blob_file_table`
--

DROP TABLE IF EXISTS `blob_file_table`;
/*!40101 SET @saved_cs_client     = @@character_set_client */;
/*!50503 SET character_set_client = utf8mb4 */;
CREATE TABLE `blob_file_table` (
  `idSurvey` int NOT NULL,
  `idblobFile` varchar(255) NOT NULL,
  `blobFile` mediumblob NOT NULL,
  PRIMARY KEY (`idSurvey`),
  CONSTRAINT `idSurvey` FOREIGN KEY (`idSurvey`) REFERENCES `surveys` (`idSurvey`) ON DELETE CASCADE ON UPDATE CASCADE
) ENGINE=InnoDB DEFAULT CHARSET=utf8mb4 COLLATE=utf8mb4_0900_ai_ci;
/*!40101 SET character_set_client = @saved_cs_client */;

--
-- Dumping data for table `blob_file_table`
--

LOCK TABLES `blob_file_table` WRITE;
/*!40000 ALTER TABLE `blob_file_table` DISABLE KEYS */;
INSERT INTO `blob_file_table` VALUES (3,'Survey analysis for survey 3.pdf',_binary '%PDF-1.7\r\n%\r\n1 0 obj\r\n<</Type/Catalog/Pages 2 0 R/Lang(en-US) /StructTreeRoot 11 0 R/MarkInfo<</Marked true>>/Metadata 23 0 R/ViewerPreferences 24 0 R>>\r\nendobj\r\n2 0 obj\r\n<</Type/Pages/Count 1/Kids[ 3 0 R] >>\r\nendobj\r\n3 0 obj\r\n<</Type/Page/Parent 2 0 R/Resources<</Font<</F1 5 0 R>>/ExtGState<</GS7 7 0 R/GS8 8 0 R>>/XObject<</Image9 9 0 R>>/ProcSet[/PDF/Text/ImageB/ImageC/ImageI] >>/MediaBox[ 0 0 612 792] /Contents 4 0 R/Group<</Type/Group/S/Transparency/CS/DeviceRGB>>/Tabs/S/StructParents 0>>\r\nendobj\r\n4 0 obj\r\n<</Filter/FlateDecode/Length 276>>\r\nstream\r\nx1k\0w\eI,ӐB %))4	I!I)d(CwN\5&x/\\\"\\'%R\\x!\Ʊ\{Jf%%RB\Z[JT\$R8\\r/-6Mz\\-(yaO\G\gn}\r;(a\{˕f\xޞuphyD\̋$\Z\^l&#\ny+%t?>%\\0_\`\\`!\Dxgj\\\`\,̕;\\j^_o\-wUS{h|s\\r\nendstream\r\nendobj\r\n5 0 obj\r\n<</Type/Font/Subtype/TrueType/Name/F1/BaseFont/BCDEEE+Calibri/Encoding/WinAnsiEncoding/FontDescriptor 6 0 R/FirstChar 32/LastChar 121/Widths 21 0 R>>\r\nendobj\r\n6 0 obj\r\n<</Type/FontDescriptor/FontName/BCDEEE+Calibri/Flags 32/ItalicAngle 0/Ascent 750/Descent -250/CapHeight 750/AvgWidth 521/MaxWidth 1743/FontWeight 400/XHeight 250/StemV 52/FontBBox[ -503 -250 1240 750] /FontFile2 22 0 R>>\r\nendobj\r\n7 0 obj\r\n<</Type/ExtGState/BM/Normal/ca 1>>\r\nendobj\r\n8 0 obj\r\n<</Type/ExtGState/BM/Normal/CA 1>>\r\nendobj\r\n9 0 obj\r\n<</Type/XObject/Subtype/Image/Width 1514/Height 626/ColorSpace/DeviceRGB/BitsPerComponent 8/Interpolate false/Filter/FlateDecode/Length 25450>>\r\nstream\r\nx\\1o#I~7\o\x\\\p\nMl\ll\[ǚIN\W88;`0wlؑ\\0T\\&[TWW5E\\\0\0\0\0\0\0\0\0~\0\0\0\\\0\0\0\0\\0\0\0`ϴ7\0\0\0\0{V~\\\oؿ\O*\Kx\Dx\\QQ\io\0\\\\׿|%\v\1EVZ\u\r}\\}]\io\0\\\?\a\\<	KG\c\\\\0\\\zl)\\"\S&7[\n//io\0	\M,ǖ\/| \/<E\\0hB{K豥\\O\0\\\zl)\\"\S&7[\n//io\0	\M,ǖ\/| \/<E\\0hB{K豥\\O\0\ڛ\wo\\}\>\mB-^@^x7\0\\~ڛoƗ\k\\\u\!\s\?}˟\-ޒ\c#\]\=|Siv\C^\_\\\S^J6	_\\\\\/egтf!\\r\04kT\P\\\\Jj?=y&\㴲6\q\g(\M\\\l\\	_>\\Q\𲥽YH{\0M4oo6S73FoLb7Cڡ\Y{\V&y\7\!eOX\M޵\Ox|\}{3\?s\z\a\aߛ\ru\\	?L\\g+GS\Ǒ7\0\D\C\~\ޔL?S\\<\\>T+?\rF+\2hS\\\܃\\nq\S\\!iW\\\\~a~VkҴ7io\0\M7\\4\zʧ\\\\\]eK\K\Mv\'\P\\Mrx74\1\;^{\?Ij\'u\\ls\}\N×\Zw\\^UC\\\\,&7݈k\бko\\\\\3y{_00\>kݰϯ\\oo}Se(:i:\\k\q(DпK\Z\"|^WY-|\qi\\K[v\ޔx}֏\b}\r&7Occ\\\\\\Y5i6\>Uq\x{\Nv]޹O/ۛ\/l ;\\\`\O\Jh\M٢\hl\{7\0\\\ڛ=4\v\)O\\*\\\\מFhXM{3\'}\4қJ\GuM&%\9G\mDa\\jν\.1\\ԕ~\쫽\\S{&7C\|\"\yߛ\W\T\8Ӂ\\\\\h7\S\6ڛ\<\\\\b\\&\Fno\\.3\jz[\V?\YeV6:\|\Sږ\mۛjޜ\\ݿ<m,\\r\04\~ߛw\ۛ\ͽY\\ioⒷ-:j[߬~1f~\M\(\\fr\\O\_u\"B\zeߛҮ\/nS\xg\QGqsg+0\Xi\\rsc^g&#\\\0h|\𼢹Ofz\I{se\ԅ\WڛaU\݊7\\\<\pso\/Z?kko*hۛ\\vd(\\*/\\۟¯\LO>z\\|py\^n;b\\0hq{S8Q\ٵf)Q{>[uj&Wq\&᧧H)\i\gi֬\9F[\%ۆ\wG\\9\!S3\\x\\^\G~\\/4HNx\\Wc\Os{7JfݜuR\Lf\W\vд7\0\D\\K?\Z\rG\'*̽)\;A\dˈ-\\:c\\g\'M]v\\Nt)\\\\\z\u#<m6{ά\Z~D1$\\IJ3v\79=\\E7*BR5E{\0M젽\cq\t:\&*\6ӈ0B{ۛN8U)\c	\\L߉WR\\\\P;uo\M\\5ʑE{\9K\/Kʞ\Q3s\_\\'\ڪӭ\\|q\-\\0hb/\\r\l\\\\k\3x\\\df\\\͕cjo\0\+\\r\^x\^U\G>x0\\\rR\b3\\`\\X+n\rt&7q \/| \F\n\g\\{\\\M\*~I\f\\\$s\$jOv\WC7[)\\\\\\ \"\M,k`\¯Xќ|\n<3.7\\[>\\g\\'Z{#lvT\ \\Q@;ڛX^\8\>\yeS\M\Z$)ٟ쁜\vn\\\}ʄ\nӯ\\L꣛R\),^l\\io\0hN{\k\Z\\"\\"_[D4\+jr/j/[)\9\M,ǖ\/| \/|H\[\\'D\H{WB{K豥\\\H\|\\fE\9Iyniܾ@id\VO\b!\M,1ǖ\/|<\/|3WؿwC{SY\\\p\\3ۛ\\,7\0\&cK\>\>i{Sl\\oo3YCN5\'\oo\m^Z\ho\0\\M,1ǖ\/|<\/<E\nou Y	StN%\\,\\y\nH\0[:~\7\K\7ݥu/·\\\"|.\\\\f\Mi癤I&%zY{SZ\\ \\\߾{\\\\}\]\>\>\\\\}oJ[\9\\к\\\\\Z  +b	=[x\Dxᅧ\sN\L*\Mq\T\\0\\\zl)\\"\St\ÏuL\^F{\_.\\\\0&\cK\>\7>\e\\j\MmN\I\E  \M,ǖ\/| \/<E\no\5MN}K{3]u\N;\E{@@ڛXB-^@^xnio.V(/loF\:}\\7w 2\M,ǖ\/| \/<Ek7ə_\\|8ӯ?\5 4\M,ǖ\/| \/<E/\\0&\cK\>\\"\\r\04%\Rx\DxᅧH{\0Mhob	=^x\^x\)\\\0@\jo\ʝ{\r>}dr\҅[\n//io\0\7O{su\;\ ?\\ʭۛ\t˿i\\SU\\?EړSx\^x\Y{\0<y:\\\g\r\U7\\*\M{ӟ3\\{<\Z\/<\r\/\\)\pf\|2w}#\\0hby{s/u\6\&{Y\Xͅ{>\>\*[\^x\+\|v7\0\\\&)\\d4x\Z]\9ݝ\\Z+{Ѥ?\ӓOO\\w3Mwe<hv\8vk\\I\d\\޺33í*\ϖ\ZAx\^x\ow\S\\$<}\\oH{\0M,lo8wko\%c3Qyí>=?K\Tt>e\\g\팋{wY:whEVZ\ޤ;]\so7\qx^e\*Ԩ^x\^\~l.1\y\s\!\\\0@\ڛQ)\\^8.\\FY1;㥻a?2\ֶ\e\\yV\\\\$o?\r.\\a.\l\\f5]¹n\:\\XiT_\sI\^x\\\|u\\\\]_5\\\0hbQ{,?w|\\\:&s#av!\0\ⴙͯZ\ޔW\Nʨ\'ڛ\n\/;\sڛ뫆B{\0M,ioJȤXG)þ|\7\Z\a|97$i\3Ԩr\~\\\ޤ_37/z?\^x\_w1so\0-ho\;t4u\_<T\"}i\w\Z٩%OY\ޔ}-\\Klu.*\\^x\^\\r\0p\\M9_?ڔxA{sr\\\\|R/}\rr!9\\A˂\k\֕Sڛ-\\U:\/¿\3\9u\\\\0@\ڛ3U\y\\韲\r~}Ç7s7O,ص\O)Y>\\\r\'\/¿\\uq\t\\\\\0@Wڛ\B֥\\ko>ޏ\M\q\\ᥳig\\\\7_\Na>1<Qg7	E\r\^\\_|{\|\8gF7\0\\\\\\\n8qj\'7َ9\	\Y+_\\]-noof>X+\\\|ʴ7{$\\"_[-io\0Egg7B-^@^x7\0Є&\cK\>\\"\\r\04%\Rx\DxᅧH{\0Mhob	=^x\^x\)\\\0@ڛXB-^@^x7\0Є&\cK\>\\"\\r\04%\Rx\DxᅧH{\0Mhob	=^x\^x\)\\\0@ڛXB-^@^x7\0Є&\cK\>\\"\\r\04qxǿ\oOb??,\>\\n\\\f&_\\}ym\io\0O\\\?b\O*\Kx\Dx\\QQ\io\0\0\0\0L{\0\0\0g\\0\0\0=\\\0\0\0\0\\0\0\0`ϴ7\0\0\0\0{\0\0\0\3\\r\0\0\0io\0\0\0\0oo\0\0\07\\0\0\0f?\yy{\0\0\0io\0\0\0\0L{\0\0\0g\\0\0\0=\\\0\0\0\0\\0\0\0`ϴ7\0\0\0\0{\0\0\0\3\\r\0\0\0io\0~\~\\'\\^x\^0aD\|T\\0h\7/߾m>jbݥy\cßָ]Cyᅿ-w\}\|`\\0h\O?x4O\\f\\\"\\";&7[\n//io\0	\M,ǖ\/| \/<E\\0hB{K豥\\O\0\\\zl)\\"\S&7[\n//io\0	\M,ǖ\/| \/<E\\0hB{K豥\\O\0\\\zl)\\"\S&\\ݛ7w>Or\cK\>\\"\\r\04\\\\\\\E{sŧwݡqj?e\/\O\\\\g$\y\"\\ww\"\\گ}\\z\W:\TM\W;rG\\YiYH{\0M졽\\Z\\0\_x\껒\Z\OO\%F8,C\r@b&!J{S\<m75~u꿭kzT|8+lio\\\0@\ۛ\\͌\X\͐v(s֞UI\\r\Gtgٓ\'V{S\w\Ó<m<w\\LϜ\~r\_\fC\wz\\\\\\#q\_+\\r\04Ѹ\Ɛ\@7%\ϔ7-\\aQ\A?9{1n}w[\yrE\+\\`\\z*u5}_\kG_՚4\\B\\0hm{\\r \ri6\|4}pW\\R{\I:\nb{\@\\\kho\"ͽ9oLno/Ď\\O\\kAŹ+\i\\o\]ף~EՐ|}7io\0\M7\Z6t\ڛw80L\\\o\)\\>C7,\\iozۛ~`b\Tj\kNo2Zv\n\!\R\?f\UVyE\s\ߖ7\\__|\\>g_\io\0\\\Xh\X\86ư{G\Mi\Oe>\nU\d/$\޹]\,w\\\K&D\~H\75\o?X=\\/Z{S,jho?\Z[\!\\r\04fnEk]t\{J\~?V\\\I9>\r/ŮfRQ]\$o\>e+io\Qš}>QXsoK63u徟6jo\\'zԞio\0\\\\\1Hs\1U%\t 7\\r\969\\\~ۛ/qK*\Zޖ\\OwVYm|:\\Tet\ھ7\0w\+OA{\0M\f\\\<x\\\fso7`ڛ\m\\7=_{(-8\8\S}W\nP^\kK\§\6\t\Q\\\(\\nL7V9A\\ئ\Ǚ\H\y&\Z1<h.S\v\\\\Y9u\\fl@Uw\"\M굵7+\ܛ˦\\ڛZ\}\*>\nʋ\\\\\3\Su3_0\C0ێ\0h\\NuvnJ|\)?c\螏cV\Z\U\\I\)\&o\nv\Z~,\GY\$g5k\w\\﬷Eɶ\\WN}~xH\L61\iף_e\~\&\rҤ<\X?\n\\ޤG`Y7\o5\;\\4\\r\04Ѻ\F\\I\nsoJ\'Ά\"\/(|6\2\"}\v\\\IG/2ikoJ~\"wA6ެq\n\\O͞3=*\_\Q?m./:=GcҌMNp\'yQʿPTpg\\\0@;ho:\\h\\4c\\ÿf+ʇM\4\\o=L\\\=|\fNU\n?XB7\w\\\:3?\N\[lzS-qr\\'j*m\\d\_\RK뒲q$p\\\\:\\\tE{;_\\\z\o\0\K{\2\\*;\"\\\_`(^:i39\rs{s\\\\0hobym\8^@~C\O\)^?̷y<u>\\o.T\\W.X95>֊[io\0	\M,l`\¯~[Yt^7wwi-峊n\o3\\\\5ɼ\>Ɠ]w\\Ѝk\Voo\n{/vvx\0H{\\\ZG\"\\"+/V4\'\b\'\$g\\\"\\My\\\OD>\ޤ\\&7H\d7q(\/| \s˦\4iIR\\zrr۹]G9>\\nӯ\\L꣛R\),n7\P\`!\M,i`\\m\\ӈ\ʩɾl\\0\\\\zl)\\"4̱\|RK4lo\oo)l%\0-hob	=^x\^x\#x|U\r\68_l\sN>no\E^飛l\</P߱Lϖ~S\Q7\[\n//\\Z\S77嚥\\L.\\ʹ7\04%\\RxᅏGxᅏ`\\Tߛ\\Mq\\0k\©Ү\fn\\g\|\\0В&cK\>\g7\j)U:f\~\{s<bEY6˦\0h\׿\7\|..\t\)n\\\"|.·D\\6\\Kڛ7\G\\-ɭ^\ޔ-\a3\\\\0K^ݻ\_~{\\\</\0?\|`7\{Sڂf8\\9&\< \j{7Nf\\0VN\z^\\O\m\*u)6Uڛd\\).1\\\\$\0\\\\zl)\\"\St\ÏuL\^F{\_.\Z\ޤ	\<\0И&\cK\>\7_\dVnoms\nN:fI\Muhob	=^x\^x\)zv{xit\\[ڛ隬\חv\I.\Mi\E7\7[\n//\\\\\lB^\ތw>~\\7w\\\0_ڛXB-^@^x\ho32sRʮuY\\\\zl)\\"\S\}o\0[hob	=^x\^x\)\\\0@ڛXB-^@^x7\0Є&\cK\>\\"\\r\04渭\i/\\ӇI&\'\\L豥\\O\0xN{7w[\~\	sܺ\N\[\'b<0~\\\y\^x\Y{\0<y:\\\g\r\U7\\*\G{t@\\\rb\\'\r\ބ>\/\/59{upf\|2w}#\\0hby{s/u\6ҍk\\\t@\\\+{\/\\\\:\wi>\\\\\\\\\0@Kۛd\\9LO#\E?CN\\_Vc\]\q/\}\0}z\\?=}<\\\LE\\|\\\'<]:\ZC~;\s.\\*c˧x\^r\Uy\^x\os2M^\d\24<s\7&7YSQҵ7\Aű\\Wݼ\\Vޟ%Yr*:F3\v\EG\\ܽT\,;4٢y\\+-moҝ.77\adЁq&^x\~GTxPOc\\C\\\\0@\ڛQ)\\h\q\\(bv\Kw\~dҭm\ڡ󬞟I\~\\\ԝ\\\\>2\\U\L\\\ks\\u\rk|yUG^x\^\\W\r-\\\C^&7ysq\\\\<c\oR|s\)\\\\r.N\ڪE\MyuX~KۛQऌz\&\ǚ	s\^x\F{n\˴7\0\ĒTL:Q)Q\i/%\y2\˗~\ƗsC\>3JJ!\\'\M5k\\+\R `{\/\L1{\0\\\L\\3\\;|PM\id>mfA{SZ~^g{S8GSZho^ב^x\~\\\\\0\z{Se\׏6%^\ޜ\9\HV9\\[],hoʋFn]95J2ZV\|ڛWv\^x\_~4:Q\m\7\0\ĵ\\Lx^{s\\߿o_!\\o\on7O,ص\O)Y>7\\^\C=\\\;\/\_7;_\q\t\\\\\0@Wڛ\B֥\\ko>ޏ\M\q\\ᥳigC\5\.ko\<Y}4=cxv\0\%f\jo\n6?cV^@^\\ƇK7x|?\<Y~\F7\0\\\\\\\n8qj\'7\AKb<k\Kt۝SR\\MMZtSC\\\{e:*\\\\\mᷤ&1\=^x\^x\)\\\0@ڛXB-^@^x7\0Є&\cK\>\\"\\r\04%\Rx\DxᅧH{\0Mhob	=^x\^x\)\\\0@ڛXB-^@^x7\0Є&\cK\>\\"\\r\04%\Rx\DxᅧH{\0Mhob	=^x\^x\)\\\0@ڛXB-^@^x7\0\\\\᷿?;\^@+\?6\\08\/~........_\\۷\fV>?4̋%??,\>\\n\FD\Ge\0\0\0\3\\r\0\0\0io\0\0\0\0L{\0\0\0g\\0\0\0=\\\0\0\0\0\\0\0\0`ϴ7\0\0\0\0{\0\0\0س9\0\0\0\0[Z\\\\0\0\0\0\\\\\r\0\0\0\0;\0\0\0\3\\r\0\0\0io\0\0\0\0L{\0\0\0g\\0\0\0=\\\0\0\0\0\\0\0\0`ϴ7\0\0\0\0{V~\\\oؿ\O*\Kx\Dx\\QQ\io\0\\\\׿|%\v\1EVZ\u\r}\\}]\io\0\\\?\a\\<	KG\c\\\\0\\\zl)\\"\S&7[\n//io\0	\M,ǖ\/| \/<E\\0hB{K豥\\O\0\\\zl)\\"\S&7[\n//io\0	\M,ǖ\/| \/<E\\0hB{K豥\\O\0\ڛ\wo\\}\>\mB-^@^x7\0\\~ڛoƗ\k\\\u\!\s\?}˟\-ޒ\c#\]\=|Siv\C^\_\\\S^J6	_\\\\\/egтf!\\r\04kT\P\\\\Jj?=y&\㴲6\q\g(\M\\\l\\	_>\\Q\𲥽YH{\0M4oo6S73FoLb7Cڡ\Y{\V&y\7\!eOX\M޵\Ox|\}{3\?s\z\a\aߛ\ru\\	?L\\g+GS\Ǒ7\0\D\C\~\ޔL?S\\<\\>T+?\rF+\2hS\\\܃\\nq\S\\!iW\\\\~a~VkҴ7io\0\M7\\4\zʧ\\\\\]eK\K\Mv\'\P\\Mrx74\1\;^{\?Ij\'u\\ls\}\N×\Zw\\^UC\\\\,&7݈k\бko\\\\\3y{_00\>kݰϯ\\oo}Se(:i:\\k\q(DпK\Z\"|^WY-|\qi\\K[v\ޔx}֏\b}\r&7Occ\\\\\\Y5i6\>Uq\x{\Nv]޹O/ۛ\/l ;\\\`\O\Jh\M٢\hl\{7\0\\\ڛ=4\v\)O\\*\\\\מFhXM{3\'}\4қJ\GuM&%\9G\mDa\\jν\.1\\ԕ~\쫽\\S{&7C\|\"\yߛ\W\T\8Ӂ\\\\\h7\S\6ڛ\<\\\\b\\&\Fno\\.3\jz[\V?\YeV6:\|\Sږ\mۛjޜ\\ݿ<m,\\r\04\~ߛw\ۛ\ͽY\\ioⒷ-:j[߬~1f~\M\(\\fr\\O\_u\"B\zeߛҮ\/nS\xg\QGqsg+0\Xi\\rsc^g&#\\\0h|\𼢹Ofz\I{se\ԅ\WڛaU\݊7\\\<\pso\/Z?kko*hۛ\\vd(\\*/\\۟¯\LO>z\\|py\^n;b\\0hq{S8Q\ٵf)Q{>[uj&Wq\&᧧H)\i\gi֬\9F[\%ۆ\wG\\9\!S3\\x\\^\G~\\/4HNx\\Wc\Os{7JfݜuR\Lf\W\vд7\0\D\\K?\Z\rG\'*̽)\;A\dˈ-\\:c\\g\'M]v\\Nt)\\\\\z\u#<m6{ά\Z~D1$\\IJ3v\79=\\E7*BR5E{\0M젽\cq\t:\&*\6ӈ0B{ۛN8U)\c	\\L߉WR\\\\P;uo\M\\5ʑE{\9K\/Kʞ\Q3s\_\\'\ڪӭ\\|q\-\\0hb/\\r\l\\\\k\3x\\\df\\\͕cjo\0\+\\r\^x\^U\G>x0\\\rR\b3\\`\\X+n\rt&7q \/| \F\n\g\\{\\\M\*~I\f\\\$s\$jOv\WC7[)\\\\\\ \"\M,k`\¯Xќ|\n<3.7\\[>\\g\\'Z{#lvT\ 6\VZiobyU\P^@\\\M5y_$M\'{ \'۵xt\[M\6lϤy!\\ڛ\\\\\n1~\0hL{\k\Z\\"\\"_[D4\+jr/j/۪1ƴ7[\n//!\rsln9\\rۛۛ\~ҩM)\0,%\Rx\Dxᅏ`T5$FJVqk{3\rN>no\E^飛l\</P(lz֋\\hob9^x\\^x\#Y\Ss\\r\Mf)7¥,\lo\\<\ڢ%7\[\n//Lۛ\\>) ì\Jڛ}\T\\lz@kڛXb-^x^x\\\\MT\JY\\\%&\Y7\0\\o\/]\"\\\.S\x\EV\[]ou\om>0ۿ7oJ;\$EM2q(\\ڛ\D\73\`K\߿}\\\4!|,\/| \7\?4\\\rޔv\0\xPnko.-\z\\\ɩ*\r\0.r*\^@^xn;\TK9!Uڛd\\)nݸ\\0\Z\\\zl)\\"\St\ÏEI\2F{\_-\\0B\\\zl)\\"\S\\ӇYIV6*\\\\\\\\C\7\OV\0iob	=^x\^x\)zv{xit\\[ڛ隬\חv\I.ۛ7Qڴ7[\n//\\\\\P^\ތ\iuɕo\>,X95\\زƴ7[\n//\\dM\Kۛ/3\'%O\\e\Nn\0@{K豥\\Oы\0n%\Rx\DxᅧH{\0Mhob	=^x\^x\)\\\0@ڛXB-^@^x7\0\ĳڛ\rh\O\\'샷3ǖ\/| \/<E\\0h\9\\\&\\\\\=|n\N\'8\O:pr\;!\oZol9\\WyOEb\#/\\0+&\\<\3ۆ}ꪛ\l\죽y: \\ҙ4o\'l\y\^V\Of\\a&\]߈\0X\ޜ\K\j:t\^\\y|\"U\n_p,ECν	}\^x\	8?\\:4\\\\r\04IJnd4x\Z]	\n.uw\\&{Ѥ?\ӓOO\\w3Mwe<hv\8vk\\I\d\\޺33ë-\x&Ayۛ\G^x\~%\\C+A\\c<\\\rio\0\M\T\t\ͻdPqqU7\wէ\aIցѧlq\ѵ7w\.3K\Mh\JKۛt\K{a\\\\\\G}P\\\\\v\^x\[/\z\Zc\'<\\r\04\\\\lD3^#nm]\g\\,L\8-\\\<\)\f\n-loF_\%릮\l`\\\=\罒&̑^x\\&\x*\Q:lhi殯\"\\r\04\N\\aS\ӬN9~ \0\ⴙͯZ\ޔW\Nʨ\'{mo\|:|؎\/|\;\m$\0&7V\65λ8lbkc^ymj\C\ngf\Ȇ0X\\&٬\n(6\G|CQ?(cW\\~NĹ\~B.*7JdԁJ\\'\-s%\ar\\/B\{^\rIZL(5*\ot?imuo\\jڛ\K\n~lG^x\fS<׹7\0\\tgN7\\+\;lkӧ\,hoJӾ\\\lo\n\y\7\/u\\\0\0\'noJ\\\ڛ8\rFþٝ!)\A˂<\k\ܙSQڛ\T~Z\&^xᅿNR5\[jGa\7\0Pũf\LxZ{\\ݽ._|]\p\\\ݞlo\n,X\\rZ\\,7<\þڛz\O\\D?\/\	\[?S\O\8*]\g\z7\0Pŉf[ȺS\͇\R\\\\4.m^\M;+^6\?\\\\<\n\\n<Y}4\1<A\\'7c//u\.\\\4\\\\+\\\0@\͉s]\\~rI/\\g<\\dC]-no/z3,A\J\D}7\QE\/| \\\_\0Xc8\=^x\^x\)\\\0@ڛXB-^@^x7\0P&\cK\>\\"\\r\0T%\Rx\DxᅧH{\0Uhob	=^x\^x\)\\\0@ڛXB-^@^x7\0P&\cK\>\\"\\r\0T%\Rx\DxᅧH{\0Uhob	=^x\^x\)\\\0@ڛXB-^@^x7\0P\\\\\\}\_~m~RqX\/| \\nÿ{}\\0b\3\}y\MY7\0P\\~\\Wϋ%6??,\>\\7#ꣲio\0\0\0\0Z\0\0\0h\0\0\0e\\0\0\0io\0\0\0\0Z\0\0\0h\0\0\0e\\0\0\0io\0\0\0\0Zַ7\0\0\0\0pM\ۛ\\\0\0\0\0\\Ϳ\\\0\0\0io\0\0\0\0Z\0\0\0h\0\0\0e\\0\0\0io\0\0\0\0Z\0\0\0h\0\0\0e\\0\0\0io\0o/\[ڷI\a	//+UO{\0Ulׯ~7oX\MwCXe\\Z\5^\\\f\\\\0@\\f\R=	K\F\c\\7N{\0Uhob	=^x\^x\)\\\0@ڛXB-^@^x7\0P&\cK\>\\"\\r\0T%\Rx\DxᅧH{\0Uhob	=^x\^x\)\\\0@ڛXB-^@^x7\0P&\cK\>\\"\\r\0T%\Rx\DxᅧH{\0U\\\\\\w\\'9O豥\\O\0hpw3\\W\ޜmw\\8Dk\g\/w\\\\\k$9~#\B\cp\\z\t\Sk)JU\'/~\Q\\\hYH{\0U\\t\x\_~xp꫒5\\<K\a\\Yx>\8MB\ux\Doo\|/\z\s\\lio\\\0@\ۛ+\)ڛ	&ڛc\cs\Vjo~\\#Q:\Y\\\xxh\9¹x\a\a\\͎u\<q\\'\roDG\\\0@ۛndr\>ѿpQ_\\3\\\\\\\Z\ݽ\\\k\\\\ZqW\|T\j_\S\nkҴ7io\0\M7\\4\\\r;Tc>8}pW\R{\I:\>g\&9ڛ\\D:\0\\V_\Ď\\u\V<w\:G~\\4\Z\5\{\Ϩ:&غ[ڛ7\0PE\q-:v\\\\|&sw\\k\n\ݰ\\\r|5\M/~{\\C̜J>hi+^pBtԻ٪\!\g\\*W==\\"\\p{S>\\GΥ~\\7z\\Z\\\0\\l\B\Zى\+6\lv}+QYkm\|ڛ9\\\t\\\\ooBY3@2+xfkBњZi)5\ho\'k\n\0hZCc\l=Y\\~zm;Bkm5\͔\\R\^L~P\ko2\K\O\JڛC\\\\v_&\\ؚ\\d\6ue\ڛ\Fo\/<\2\\r\0TQ:\\'\ֽ)\r0J\\fz@{5%Σ)Ywϣh\h\\\\c\J9\\\o\\\WV\Z+W:\6\jKF\moV[\\\ʧ*\{3\t{s</uso7`ڛ[q\\5:Ֆx\\\\\%ko	Gq6\\Weu\Hĺ7U;>]lα\KG\Ņ\'\\W`\\\rSc^&NF\\\[\\r\0TQy\𼢙B{3\Q{sb\\\Wof\xպioR/	x\O\\\νY\\\ÿf\m\_{\*>\n\gg\'\\\o\׍g\[u78\C0\0\\6:8\ތ%޽\5\\ة\\P׵7\'/\\%xыF\Ex+?K\5gm\1\\-Qr\\\\gN}OjF7\Z~\\\\_prEti\	l\97\~䬛×N\\;Ù\\4\\r\0TQy\B`¹7;\\7\FKF/\6\>cx\\MƧ<Na\Zkp\M\_Ƚ^ ]_q\¿6W{\\\4ߣ\3%~\\vh~J\=\\9|\I^/Ԡ)*\\\\\I7\0PE\M8\ct8\l\\NvflS\F|ChoZ҆S+^B7\W\+֑\V\Ƣ76Q\fſk\ho\3g)ܼ\aO	43s\~HOkhm\ٹ\&jo\0V\\\n\\\>~\=c\I\љ-g7\'6\\\\0+\\r\^x\^?\=\\\\<\;\TJ=\\3{`]pi\\r\0T\\r^x\^KV}P\\_\\vtZKyWͧۛa9&9fh՝a5t\7\.;<\0D\e\r#^x\^/V4{\b\'_$g\Z\\$\tu\\|\~7\<\bG\/`\}	\I7q(\/| \SӦ4iIRZ\zrS\s\\n\\d\ꣳ\'R\\3[5iobyI\X^@Oz3&ٚ\\*y7[\n//!ϱ9g?%*7E\7\\7\0T%\Rx\Dxᅏ\\}VY$犬V5\ތ\9$7\$-\<.P?)l[拍k\\\0P&cK\>\>UWYw\\\ۛqg\/Olo\\\SJÁ\\\r\0Uiob9^x\\^x\#7\xF\񬡙Ү\fj\\+C\\\0\\M,1ǖ\/|<\/<EOnoN\&Y	St%\\,_f~q\\\\\0Ј\\\\/?\pp\Nq\EZ\k]u\%z/}\ionJ+\$EMr\PY\koJ\fz~\ָG\\\0P\\\\}\W_\H\.\c\\\\f\;cݛ\4\\&:.\7szҎ]\\0\Za\T,\\^x\^x\):oϩR?\f&Y\Dsr\0iob	=^x\^x\):w\l\pa˵7\D-\\r\0iob	=^x\^x\)z^{CGr\&Y6P\{ko\0H{K豥\\OѓۛlN\\\\\7\\es\J;g60ֽڛXB-^@^x\iof+g7=]ys{ݲ\7\04B{K豥\\O\%ڛdg\7Wv\\\uo7\04B{K豥\\Oѳ׽\0Ρ%\Rx\DxᅧH{\0Uhob	=^x\^x\)\\\0@ڛXB-^@^x7\0Pœڛݺm\^\\r7ט\cK\>\\"\\r\0Tf\\ۛ\Oc?\~|͕\no\r\ƖǍV\n\w-\z8\=*\\l7|ĶM]u\VYM\\\\\:{b\n\\\\Z	}\^@ᇺ\\ϙǝ!\\ho\0\\\a\\6Zg\t%]a\\&ڛ\pi/+\\ry\M\#/\\n?]x\L\\ho\0\MR2tﶏ\\vtѿ_X!.h7I\\OM}\\\\n\'*\ӗ\r~K\akɐ\Or\'Uwvօ83|\6\b\\~؎\>|n;r{_jo6dвwN]_\0X\\dMEܕy*v5\q|ҝ{\Ò\w\t;âkon\Ε3K\\Z-\<7\JA\.\so\\l~4ٗ50Vc;\/|}\rPjo\T\<L_Z\7\0PŲfPJt\ݤ\lDg\\Y;t8\ba\rfua\LyvUv\\fp.\T7u\\\k\'\n\~\M#/\\n\\*\M>;\\\L]R\E7\0PŢf\^a\\\*|yL_\eu\\\O~YQڛ\7I\j{\mM\k_?#/.ۛ\\\W	\0X\ޔ*Q2(%\n_f\9R\_\x\ˡ!Ik	F-\\'\MzA\\B{zI\k_?#/Pν\0α\L\\\\s\\x\c%җ6}m-q\Mi\\\y\Ma;Ue\loby\>P\~7\X\0q)\2\/hoK\\?<4M\\Zdwpv\eA{S\5p\̩A\(\\\`\JY\\Dloby\>P\7v\"\\r\0Tq9S%o*\\\+*\滻\^\*)\)ȂU-\pK\\\zc\\>쫽\'\\	\\D?\/|𹴽IҙVS\ף*N7\B֥jo>\\r\M\vqi\\n\Y\\\?yOVw\\|\0\\I\Mᄢ\~-\/| \/:&ڛ\\\q\ho\0\Ĺ.\pb\Nno\\\w\g<\\珧wI\\t+]h\\\<Geڛ	//kM\\0bю\4#\Rx\DxᅧH{\0Uhob	=^x\^x\)\\\0@ڛXB-^@^x7\0P&\cK\>\\"\\r\0T%\Rx\DxᅧH{\0Uhob	=^x\^x\)\\\0@ڛXB-^@^x7\0P&\cK\>\\"\\r\0T%\Rx\DxᅧH{\0Uhob	=^x\^x\)\\\0@\o~\7GڷI\a	//+\ݻ\io\0\\ߟ\\\\\\\\\\\\\\\\\^\͛7\f\\\\0@-\O\_=/\\^@ߌ\ڧ\0\0\0h\0\0\0e\\0\0\0io\0\0\0\0Z\0\0\0h\0\0\0e\\0\0\0io\0\0\0\0Z\0\0\0hY\\\\0\0\05-oo\0\0\0p5\_\O\\\0\0\0\0\Z\0\0\0h\0\0\0e\\0\0\0io\0\0\0\0Z\0\0\0h\0\0\0e\\0\0\0io\0\0\0\0ZZ\\oi\\\'%\\"0fDT}T\>\\r\0T_\/޼>jb7ݥz\c\Sk\g\\G^x\\\_VO{\0UlϻwAK$,aV!|,\/| \\8\\r\0T%\Rx\DxᅧH{\0Uhob	=^x\^x\)\\\0@ڛXB-^@^x7\0P&\cK\>\\"\\r\0T%\Rx\DxᅧH{\0Uhob	=^x\^x\)\\\0@ڛXB-^@^x7\0P&\cK\>\\"\\r\0T\ڛO77\}\<ǖ\/| \/<E\\0\\\\r{\\_E{s\\ݡ_\~\}s\?~w?\\.|\~t\\\\w\\_:\\!_둿ґ\N\*\WypٿGٷsтf!\\r\0T\B{\5*\\f\f\\ݪJ\.1:qe\e\7\\O4	QڛB\\aR\No\%\\=*~;YH{\0UToo\\ho&^\joieΥO\ZI^_D\Of\k?>\\\\\f\\\	\\\Gm7;\}ĭ6ß{4vʿmJ{\0UTno1\\/Rڛ{ʁڛ\G\\\\F|\rr\ӟb7Wk{nu\nKq\S+Brh\]q\S\~aO=*\n\\I\\,*\7\\0r\pk{\\Pm\\\]eS\J\Mv\'\Pܶۛ\joF^B{\ܛ\\\\n[}18;^{\?H\N֑?Zܕ\q\hR\\pW|\\Q?\b\nio\\\0@Uۛnĵl\ص7oqf\ݍ\\)w\\>C7,\\մ7\M?1s*\\\ͯ\zµV\n\!R\>dY\\-|8\r\sK\\M\9q̆O\\ik`p}\\0j{-k\\f\'^v\۔Nٽ\,\G\g\io\\[;w\:\aV^;w	~f\\\\\0ɬ\͚ᯱ>\\n\Gkj\_X\\\ɟ49\A\\0fj\rEsUt\\'dNw\\\ݷմ7S\GNw\KWz1RA]\$/\[?e+ioQC\}>Rrak{]b<\Lԕm?l\joT˴7\0PEfr蘟HsXp\*]g<\ڛ\\֔8d\=r\\\\Sf#7qK*\8[p%sW?^Y\bk\\\ȧ\\l*-]YmݛCۻ+6\0\\\+\\\aܿ\\νY\\ioƒn\)o\\V[\\\oC/̯I&\y،v_\\V_\׭#\\\ޔV-~\\\Tt\\;\*/uʟ<_\J4Lm{}8)g<n7\0PE\\f\\n\\sG\͉S3_Uڛ\	T\VI&\?>q;fiS\ڛۛ\~\\v`(\ZU|\.\o_7o>x\M\\xy\^\;b\\0r{S\(\\T{3^x\Sc\\wcC\^\\\Vp\-\F/\n\Z\r?\,m3Ԝ\+\hw.D\u\_wG9\>y-b\hG\#\\\ҍ\ZQ\'<z\O\n\\ޤG`n_:)jFg\gwд7\0PE\\\rM\n\ޔ6Ά\"\-d\\\sЎᭇ\6M\\\Z8i̓µ7\"z\,v}\zFx\\\\1s\\\AÏۡ)Q`LR:c\)op&yQʿPTp\r\'\\\0@\r7\`l0.\Z1\\\S;ىʛMa\>i=|\\JN~\{	\ތ_t\ZG>\Z\Zެ~ظF9򣧚]\Ϝs󒲇q>%p\\\mux =\֢g纞󛨽*ZioX\*+\n/|C^@^Z\K\'m&Gg\ޜ\S{\0&60Cx\Dx\/\{\?o\|So\f*\0\+̜\Z\uv7\0P&60Dx\Dx\/~ZAq\~\\\i-\]\7\Xlo\Lr.\\会:ƣUw\Йs\.\\\^.\\\0&50Dx\Dx\/X\\|j<\ۛ\\\-oD>\ޤ\FH|ne\\0`&50Ex\Dx\~j\\\ }\_Z\zrS\s\\n\\d\ꣳ\'R\\\1R7q,\/| \\\\'\ۈ_PS}\L{+%\Rx\Dx\\x\ZUC\h\\:\0E{K豥\\\H)Msۛ\=\\&\~wE\\'ϢY0_?yə6\0E{Ḵ\\Ī\:\\\ۛQ\\/Olo&\'@赴7\04J{Ḵ\\Y}\\ۛ\Aǳf\J3ڛugW*bfQP&cK\>\\'7j)U:f\~{3\\&\g\\\0\g}..u\)μ_\\"|.\׺D\_T\9\MI\䳞\ޔژ\g\\0P\\\\}\W_\H\.\c\\\\f\;cݛ\4\Ue&:(\7ss\Z\\7\0Td\T,\\^x\^x\):oϩR?e&Y\\6\\N^\0p&\cK\>\sw\\\%\z5ڛ\l\\r\0iob	=^x\^x\)z^{l\}\&YP\{ϔ0\Μݬ\n\0֥%\Rx\Dxᅧ\\\\\]6in\\sڛ\\K+\$f\rjO+\0X&\cK\>\sڛ\\n\\\`O\GW\\\d\\d{f\n7[\n//]ɶ\~n{8)yzeW\,[\80@7[\n//={\\0\ڛXB-^@^x7\0P&\cK\>\\"\\r\0T%\Rx\DxᅧH{\0U<\-+_\%0]豥\\O\0xJ{]\\\\\ڱoA\\\k7݆˿\zc\\F|m\o#/¿<\\0\	\\v\ǻOl\\U7\nմ\\l\a<!\\y>\o\'O\\ڛ\G^x\_[|\\i\\\\C\+\\\0@\ۛ\xm\\J¤_M7\\\6\*\C\o&y\M\#/-\9g~\~_\'\\\\\\0@Kۛd\ް\r#\\;\Rw\'ngc\\\Z4\\WXh_۷纻hO_6\\\.A\n\&Cz?ɝV\\\[~\\UƖ\x\\\Y\o%y\>3̶7I2h\~H{\0U,lox\J\޼M\Z\8\\=~\\aIց싎la\ѵ7o\ʙ\h\JKۛt\w~¹7Woo6?\˅\Z/loBy\m\N7\o\p\W	\0X\\J\\A(b\I76kgT,LcwZ\\\p>\)Ϯ\\Z\\n\%\N\xy\\ބ9\\\g&\|vر~io\0E\M^T\\wtO)J\\\\\\'&.63S7\\a/mo2j\&\ۚ\,/	s\/(\r-\\k*7JdԁJ\\'\ע-y\|\:\\rτ⨩-\\'\MzA\\B{zI\\M\#/-|Qaa\\\0\0\',ho;t\q\\\=\X㙾\ȶ8}\̂4\k\\*[Z/|3\{ۛ\G^x\_[·`\\0\\\M9\\?XxA{_g\8lJ\\ 3?ujˆ\Lq\3	7j+\g!\?\\\>\\\6\-{j\"\\r\0Tq9S%o*\\\+*ww\\\w\5\%w{)lJ>`\\B4\Rji{| \\jo\	/|S\;!ۛ\G^x\_[\S\]VT:%|ҥ~G{\0UhofK9\\|.՛\\a/\\ݴ\es\\e\\\)\G\ó;9L1{R{S8\\;_\\9Q\\p`~x\Zhf\ho\0\Ĺ.\pb\Nnon\\\\\Y+\\;\hpWۛ\\L\oPj\E6Q\\\xTi\¿פ*\N3B-^@^x7\0P&\cK\>\\"\\r\0T%\Rx\DxᅧH{\0Uhob	=^x\^x\)\\\0@ڛXB-^@^x7\0P&\cK\>\\"\\r\0T%\Rx\DxᅧH{\0Uhob	=^x\^x\)\\\0@ڛXB-^@^x7\0P&\cK\>\\"\\r\0T\\w\|}T\\¿\\޽>0k\0\\\\\\\\\\\u_޼yS}`\>\\r\0\\\b\O*\Kx\Dx\_a͈}\\0\0\0io\0\0\0\0Z\0\0\0h\0\0\0e\\0\0\0io\0\0\0\0Z\0\0\0h\0\0\0e\\0\0\0\\\\0\0\0\0\\\\\;\0\0\0\0W\0\0\0A\\0\0\0io\0\0\0\0Z\0\0\0h\0\0\0e\\0\0\0io\0\0\0\0Z\0\0\0h\0\0\0e\\0\0\0io\0\0\0\0Z\0\0\0h\0\0\0e\\0\0\0io\0\0\0\0Z\0\0\0h\0\0\0e\\0\0\0io\0\0\0\0Z\0\0\0h\0\0\0e\\0\0\0io\0\0\0\0Z\0\0\0h\0\0\0e\\0\0\0io\0\0\0\0Z\0\0\0h\0\0\0e\\0\0\0io\0\0\0\0Z\0\0\0h\0\0\0e\\0\0\0io\0\0\0\0Z\0\0\0h\0\0\0e\\0\0\0io\0\0\0\0Z\0\0\0h\0\0\0e\\0\0\0io\0\0\0\0Z\0\0\0h\0\0\0e\\0\0\0io\0\0\0\0Z\0\0\0h\0\0\0e\\0\0\0io\0\0\0\0Z\0\0\0h\0\0\0e\\0\0\0io\0\0\0\0Z\0\0\0h\0\0\0e\\0\0\0io\0\0\0\0Z\0\0\0h\0\0\0e\\0\0\0io\0\0\0\0Z\0\0\0h\0\0\0e\\0\0\0io\0\0\0\0Z\0\0\0h\0\0\0e\\0\0\0io\0\0\0\0Z\0\0\0h\0\0\0e\\0\0\0io\0\0\0\0Z\0\0v\\0\0\0`P֫C0\0g\0\0\0\\\\0\0\0\0\\0\0\03{\0\0\0pfo\0\0\0\0\\\r\0\0\0\0\0\087\0\0\0\0g\0\0\0\\\\0\0\0\0\\0\0\03{\0\0\0pfo\0\0\0\0\\\r\0\0\0\0\0\087\0\0\0\0g\0\0\0\\\\0\0\0\0\\0\0\03{\0\0\0pfo\0\0\0\0\\\r\0\0\0\0\0\087\0\0\0\0g\0\0\0\\\\0\0\0\0\\0\0\03{\0\0\0pfo\0\0\0\0\\\r\0\0\0\0\0\087\0\0\0\0g\0\0\0\\\\0\0\0\0\\0\0\03{\0\0\0pfo\0\0\0\0\\\r\0\0\0\0\0\087\0\0\0\0g\0\0\0\\\\0\0\0\0\\0\0\03{\0\0\0pfo\0\0\0\0\\\r\0\0\0\0\0\087\0\0\0\0g\0\0\0\\\\0\0\0\0\\0\0\03{\0\0\0pfo\0\0\0\0\\\r\0\0\0\0\0\087\0\0\0\0g\0\0\0\\\\0\0\0\0\\0\0\03{\0\0\0pfo\0\0\0\0\\\r\0\0\0\0\0\087\0\0\0\0g\0\0\0\\\\0\0\0\0\\0\0\03{\0\0\0pfo\0\0\0\0\\\r\0\0\0\0\0\087\0\0\0\0g\0\0\0\,vc\\\r\nendstream\r\nendobj\r\n10 0 obj\r\n<</Author(\\\\\0 \\\\) /Creator(\0M\0i\0c\0r\0o\0s\0o\0f\0t\0\0 \0W\0o\0r\0d\0 \0f\0o\0r\0 \0M\0i\0c\0r\0o\0s\0o\0f\0t\0 \03\06\05) /CreationDate(D:20220607131545+03\'00\') /ModDate(D:20220607131545+03\'00\') /Producer(\0M\0i\0c\0r\0o\0s\0o\0f\0t\0\0 \0W\0o\0r\0d\0 \0f\0o\0r\0 \0M\0i\0c\0r\0o\0s\0o\0f\0t\0 \03\06\05) >>\r\nendobj\r\n18 0 obj\r\n<</Type/ObjStm/N 9/First 60/Filter/FlateDecode/Length 362>>\r\nstream\r\nxR\j\0}q{JSNA!b{Pb{Wi\"i\n\];\${nzR|C+<\Uc\\!A0a2a\=ذE,\\ԩ]H,\j\XC4\i\\-ϖe\\L\\D$\\NͱJMqV jKaTHy\Za1{{x;jӺDe\^b\Pp\֣ܶO\Fk\6Z\Z)Orq\tJ\C\Ʀs\Z\Ů\n^:/-\n q҃S\^Qdhz\7%Q\\r)\ ([|W|wmNO,.i\ZFw\ѭ</\yeaG\\q܈}\[úw~m{\\\'\ڠ\r\nendstream\r\nendobj\r\n21 0 obj\r\n[ 226 0 0 0 0 0 0 0 0 0 0 0 0 0 0 0 0 0 0 507 0 0 0 0 0 0 268 0 0 0 0 0 0 0 0 0 0 0 0 0 0 0 0 0 0 0 0 0 0 0 0 459 0 0 0 0 0 0 0 0 0 0 0 0 0 479 0 0 0 498 305 0 0 230 0 0 230 0 525 527 0 0 349 391 0 525 452 0 0 453] \r\nendobj\r\n22 0 obj\r\n<</Filter/FlateDecode/Length 29535/Length1 98308>>\r\nstream\r\nx\}@TW\9N``q\0QT,X\"Ů8\nV\"\ZT\Ѩ!1jBbʦwMۘ2&i&\n\\dM1s\9~je\g\\=\~Y\\g\c\#|X\\[X`i;SP{ӓ1\/@\\UWY;3D\\=\Z\\\ح\?R\8o\ԁ-1k\u-70vW#cS\kj[D}\7\}\"\\.?\ۿ&ߏgͿaquU\\§.:5\\\#޳vy\\m]\xՋHja\\\x7c}5.^\\6?Wƥ&3\X\}ٍsb~ϒML\\_wJWM8tHSԗ&E11T\CnR%\+<\XSQ\\r\f\\\\nrU]6\I>Uv!V_efbJ^Q\>e\ƕy<\\\!x\a]\;1̡9\\Z\n?owؽ\\oL\hZv\17>i;&|\1ȷ,O\\e\rv\\\\au?צ\qJOn崟qyO\\\U}\<\g=\\*y\!6\t\)KXFG\:\G̰\Nd\?\\\ӈ\x</MOf\\֫z٤\Wnz\zҼ[Nw\"S\eEOl\\F\'XjVաg-\Ϭ(\t6B\z#swԹ\\˿t\"ELG4\;?=k\\EtNdꗧwg\\Ne\t\nasO+\\>\>6t\\eKYf\\\\"\\\\̅\&V\nK\\"E,bX\\"E\\Nsf\\"E,bX\\"E,bX\3\o\G,bX\\"E,bX\\"E,b),_:6\W\MK\"E,bX\\"E,bX\\"E,bX\\"E,bk\K bM\r#OD\nJ0;G.@\AYYW\qU:65\l[\Vl;\6\\9ǳ!\\Cv\BS\Z\\"8A2{<5Gf\\\w\\\\j	\\\}\Vq\\g0\W;\'+ك<AoSEo\\\5<w\Y|%_\/\\{<a\]i%vjڳ~&_suҳO\\[Mi#/\wM\hgO\鿤&f+\u\;OߴqK\Z/Z\p\\jk\Ι=k\\\)e\'M0~\\1KG,).*1\_0쌡C\8N\^=23\}]\N\k5GGNU8\Y\+3+LߨQD\WGU\'Ge\Wɱ1AO\96ҏȺ\\"\\\6\P6WOO\|\\i\\\'Co)Ux4=NӺL-aE\\E	O\䕞\`\\\\\\"\\b.\F\\Z͐f`g\r\P(\d\r\U5ʋ\\^o\cZ]ACaШ\\/\\.\\|q̶ͭ\jf\*jV7\\`5:\\\`O_Qq0ۇ\\L\x\0\3l>O\XOU\cȰ}τ]\&\K\\6zE[.jH&S\\\B̟]T*E\9M2x\+2\l\\\}g\Y9^pUm\mJy\_\\nO\*щb&s|Ao\s0\\+.tYeuT0H\S\\\YD\ru&\byퟴ\~B#XI\,n.+]5Xur7\U\k+\,l\\q^\Z)\h,zn\0y\Z!fO	>|#\"Æ\ҒbFGsaxJ8Bc\AB\(%TQp\[\%;E\\\6\3Nu\\\h=\MhѠ\\ڢN\r<R}\\N\NEE(a\9Jfع)FsYtzl\W\a\r\'\\wLo̤\\\lWɔcRO \"[&BlV-=RKw$G]*}]\\5-L\K\\\5/\"8!\\v\\bb\\B\\w*\\)ijmo\\\77W\ƾh\4\ʇ\O._\Z#\\1SF*h&e\\w\\\0<prDEK:\wyм\nHxDB\4	\\\gI\\i-]\ʙ\3Igխ\nlL\A~ܚ[u\\:L\k\p	96\E´L&\Q~bU0\g7b8\n\V\jA5w+ojvi5MG6!R:|h\TG\A`zvC\\'\"F\*t\c\r\}R\\omE}se8=X\"\*y\,h_툠\7B\7b\D\ns1vL9sq\k\\\\>\k_{i&0<>c4\F\nT\=2\T]%\墬1RV\`j\n׀\o(TV\\$\8:*\\\+jQAC&թ\ʩh\jzt\fAQh++\'I<\hA˫}Ȫ\\Z)\^E<8u\Z]\L&f\ި\B{3Ga\k\\\0<\4E2\\\0R\|oFSE\Il\,\ZMFdUxQy3<|Y\$As\k=`\q$\\[\\d8;\\O?\څ\*wgd\i:\k\\\\&\\x9jV\07OxUF(\5\\Z7\\rdࢣbx=5\"\nMe\'\r❂\kZ\6Dx8E\wl#Y\"\`FoC+\\ZY\\n6`e\1#f\7\\'>\#*1I\\NljO\\,vTXR\\\\,\U\a?)(*/8*\	6MTVx*q5\ʽ^v#\S{J\n&R&N׮*U\b3\T*\\A#^LuU>/\ Aq\\6\\ۆ}\Amߖ \gbە\n\wcV\\\\\rV+[\j#jsk\\\onY\	{s\\gP3\Yx{\2V\U%\Hm\\HaJEQ`T- Z0e1\G^M&Vlryp\KJR>2E\\\\REv)׏U\=AeJyxz򥢨KNG{W\\Ff0\'\\/SSa̭<\Y>(\\\o\~\Zqc\G\0\)~@\P5\83<g\IV\\0ˁ+=bC\\3r(\'	\ \yR+E\H^uR\l)\HZX%\J)VH\\eR,Q\R,b\rR)\)\KQ/\<)ꤨFj)\JQ%Es-\,)fJ1C\RTHQ.\4)JbeRLb \x)\I1V1RTQRDb)(båKQ \0)ΐbC,\ )(\\0)K\O<)r\+E)r\-E/)zJ-E)K%E7)2Ȑ\"]\n]J\\-E)ҤH\%E\R8H\"Q)R\K\']\nR\Ha\\"Yh)0Ia\ ^\n\\\n]6)HqXCR\\')H?H\I7)\)K_IO/BJI),şT?J)JKJ{)>\})ޓ\])ޑ\m)ޒ\M)ސ\u)^\U)^\e)^\E)^\y)~\'\sR<+\3R<-\SRV\'xB=R<.\cR<*\#R<,\n)vI\*\N)\A)vH]-Rx@O{\&\=RFK;CۥIq[EIA른NkFJ+B_IqIqHEHf).\)6KIR\k\.=\\^{py\\\\嵇\k\.=\\^{py\\\\嵇\k\T\ny\\\\.\?\\\py\\\\.\?\\\py\\\\.\?\\\py\\\\.\?\\\py\\\\嵇\\.o;\\\v\py\\\\m\\/\.Dr~\07\̡.	(un\`P\!Z\b\Z\\rJ+\"ZISj\Rr.	\05-&ZD!\Z\\\'\'GTJ-\Rh.QQ%\\Tnf\ NTATN4h*Qh\nQ\dID&\'\ZG4h\萫TJ4*\\Z\r\ZITr\\cAEDD#(o8PaDg\r\!D |DSe\\D}\TQOlD݉QՙDTg:+U\%P97Q4T\"QJ(e<(\J\0J\"J$gDqDvʳŒ3\Jd<3Q4Q噈DPD><	#RɩP1x;QP\0\!H\!\\w!g\o\5\"\G%\}AWr~N\_L!ԧ#@\\\#r~H{ާ(.\;iCISAoI\7^\'z\U\ny\erD\"\D\S\#\D\=M\o)IJ=A\q\{\Qr>B0\n]DR=Hh{(\0\n%\\0 \>{\J\y\C\Mt\\It\\D&\VDPe7S-7\Hy7]OtѵT\\ZJ]Mtѕw\+\)\2K.!\Bt1E^Df. \L)P\J:hC(tѹ\0)ØJ\0ZOrg	%ԀVSV$ZAhU/!j%TSe(r!QљD\SzyԲ:*^KTC\Ds*\ͦNϢ\$ANUWЃʉQs҃T\2\DB?hb\!0!\\{|ȱ4.\\\ZK!cFRJ\"\ZIΒc=8\\*\n9\M\p\"?QѰP\\J\r\r\+@C\bi\"\\G\\!tP\\G\Rdߐ]tO\.fQo*ދГ(*\Aԝ*\\"\FIQJ\'Q]N/U\Z\D]\\\ZQ*((9drlAI!\P\"Q((\nةD1DV\"E)2QD&\"#\"#Jq\"\o\hvq>~\\0|??\0\\7\[\}~\k\+`__ \H|s\<b\ݟ\0\\\GH>L;־\oY\oZ3\o\0Cf\v\n\{Ѻ\п~κuki\<S([\$\o߃\ǁǀG-K܏X,s\,w\Z?<\\_h\\\\k\׺\5so3w\\\\};\m(s+xL-\7C\\}\u]\\Z\j\*\J\\n\W(w9\,z\\	\K繷D\\8.F5\}\\\\\nk\nXXm]׹֍Ywm\>X\3D\r	mM`u`U\mMN\\\ZXmE@±b\n|\\n^Y¶³B,,\r,۶4N\\ڴ4T7$\n[ʣ[\l_\\R]j,	,4n[XT0\0\r?/Pm^.&P&P?7P_?+0{۬\\ۦ*\\?5J mJ,R`I	\\\?&0vۘ\Q\m#K\\<KzRUhT>.\\~=.5.6ŝtM\\\s/MVc8{ϒؤW>N:I\O\޻%\=j\[\)%\Z\՝\\,M\	\\\\9\6jB\\.Q\\\\\ؔ\1&6yL\4qF_\(IӃ,0}Fy\Tht_*\\lai#\\\\C\֭i#*\5\.4CHE\e+e\`O\\j\\WlJl,mUh|l;F\1?\X۪v\\#\\2qJI\mV\	f\o.(,{)\.IO\^>-\־\+D2[x\\HZe\(4glt.?ut\t~gxr>Q6\0\\M9z`8X\V+r`h@p&\0\:@P	\f`:PӀ@\0ID`0\\0R`0(\"@08\n|` 0\0\\\/\\z@6\\d݀L H|@Wx\07\HR$N 	H\0\v\1\0f \ZL0\0z@7*\0`\\ۀ#a\p	8\0\0||\r\|\r|\\0\n||3\'\S\\'\G\ww77ׁ׀WW\\\\\\0OO\0\0\0]@+xx\lB@\0\\\\0\\\\\0n~\r\\\nlnnnnn\0\0~\\\\\\\n\\l..\&`#\ı9?\\\cs\ϱ9?\\\cs\ϱ9?_\n\\88\\03\\88\\03\\88\\03\\88\\03\\88\\03\\88\\03\\88\\03\\88\\03cs\ϱ9>\\\\{c\s\}ϱ9/}[\/݀rc˖u	s\\x3cmWoJ&lk\\&]gl\ul+\\w\\\7?omE\\,\\\Z1<W \ڿ:\U\\VC\\Z\\?\~\\\:V+\\\:n&\l\fJVװz6#s&k`\\"-yY\D\x\ѨŬXʖl%\ZS\"o^V\\,agl]s\Y5Z,`=;3s.;OSɳ\6b\6؅L]ء\E\b\%\ғ\-Ǥ.\\\\WXW\\\Z؍\y\׳\-X3\"\*xnє\}=\d\C\XVc\hD\\ic؈1Xn\\b\ZU}}k,\\TbexE\DR-4uǍ\e\\=\UZz;ʩr<n\427h)L_\n\bT\r\-\쿹#v5݁KS\s\']\n\\{\6v/\Ί~v6sA\\Bl;ہ|\dTy\'oC]l7{+\1\'͓G\{<\}JQI[Ea\\z^dzY|W\\\\rB\>\\SÆ\\\\\\S\\),mm?о:\)@ދY\.\O싎Fr7\9؎ԙ\#\\\\nk\qj.S_\)2#\Ʊ\\\\GD6?`BQ1\@\\\8/\\\Δ\\-\Q`܂\ys\}qr~\\\A9y{\\۷\\H\l@\\rUÖ\^ \\Z\nqK*qdrN\٨&O\\nn\58b\au\\9 //wҿ_k\r8L\\\\4W_?<]pĠL\\wIuX\rz%\\khlF\\\iF\hP&c\]\4w}\hOKHL3\\\\\#\c~9Tk8tj2 ]6ڤ\\.\\CSc\m:s͞h2\\-YE3lJHu&$P]G\1\\m?h\\\eoQ\*5S}$\\Dv:SZ\?\n\\ǆ٪\-\Z\,XXŊFG#*ډ\\\\'#\L2;9ξ\r\I\@\\@`Af^\kϳu(3r\y}\\4\\J0ir\n\>\nՍ\\~b(I<cʄL0d\\$oIi\S\	i.\6d\'\\\U\\\\|9ŝ0\oI1Yz\b\\;t1ڨ\\L\u;{[R\\wv\lOKlߧV뽬g9\ņ#\\\ƶ0[4\}x\ӟ\w~;kq9EY|\&>P\%f?xc0\?%\AP?	Xz?̻,g\v\@>\ov\颅\ZhhO\\-w黗%\-`_AܠA\\\dgϲ\\ًJ`\-ד{t+\\٠\\]TAW/*5flEQuvjiurc\\m\r	\	[2\ŠVu\\ӆ$u&)&o\\\n\s\'\_T?9o\˧dO74ޠST\h\)5x\~)e-(\\gθ:7\\ՙ\\V4v\u81o\!}MY2a\9S{\&\\vg|\\j|T/-ψ\\\QDK|[AS]&KgYl\I\,\V2=3[!~\\H\\\\VW\BeA<9\\^Dܠۇ$ĉfC	K\rG\8P6\nmh\nݼF23\\)K2TQez:\?Y\QL|\\\\%\\3\u\|\\ĔjD\\"\bR1	\\\\qpYLMmѢǷ2ƭ6\0:\\Ax(T\Z\Oyb\`fK󧆘\Z\d\o4Z۰^L&\g.m~n\!Gzۛ\P\\nlnM=\/n\Z\Uo\\|׈.\d\u-)\Z\0G\'\ϢR~\\4$\t;`6\\\%m{sEc\3S~l@5@ƀ7\~ehS\\'\\p\/J\l\!ml\r\}\RWb7R6W\\\\r\E-%ޞl3\a%k=\\	\3Lo=K5],ե\nO\\$\V\Sx?k\Ԁ\P\\{\w>J\\ضռ\`\.3\{^	\SlAmɖO1QgM\\4o\|IKӐ)ѶZm`۵\Zu\>\n\\g\aJ#\@\ \r\x\LF%w7\J=*|\'\GϏ\\Z\h\1-:m)`h\\\7Ԡi\\cOx9\X)\\b\܎të/\tY}Q\FF@_\\gDvL\\\\\\Q]9ѽzu\-RvֵMDYVo\\\'^{s\ĩ9\)M\\My{2|R\=5\{=qF\\"/(\:\\INv\3\r\^$\x%\\=.9\L:|Ţ\Z\\\vx\\/\#\H1{W32\V7N\OO+oej\=\:U\\Ij6w\w\3#\\\\sOLL\\Luהe\L[\gYqp=5љ&z\\r\Mmف\\n\RivÈW1~l\\cFw=X羚bIN\\nf\qv\\\Iu\_\t,ucDgej|Fd\cЖ\\\ܗQ\y֩RJu\}\R\խ\w\\v\оM\\\r\\$&!I\N\&`2;d\$aL\\$|\2d;3\\\}ۆLoWϮW\Z\\=S\6A]GREs2}w}۟\߽\*\n=:\~\sNL\r\\\\\\\\\kݕ\OA\((e\VȀYδ	I1#]B\]I\]]\\o!uTU\Q	<K\^V&SKy\r\~[\\BJ*J\Ľ\h\n\\$UUQ\jei\xTo	~\ć2}\*ǎO^q&ڜa\@oKfr\3SYD\iy;1v,O7H\\З\4\'{-؝/۞{PuK?f:\G\l\"`jc.\ {\|RF\$\n/4XZ_\\Yн5\J\\jJs	&qΫ\\&~\]ߵ3r\\'\nEb\\Lkugw\D7Y\:u8\\Hb@ܧ):޳>\Zn\:܂F\O.,\m\A\\{\\Dnhg_e\X\\\<\!\n%s\'{S\Xvp\_Z%KHE+|$C\\g\r=\\X\bq\ \QnU\B\gݵ\Al\J\z\gs{%\n\\u\\\3^?hL;(\\n{\0c\ـ\gZ1	\\V\f<Pfͧ\Z|d\M\0\\\0ؤ\Z6X~DG!7h\Zڙ6\n<\rşFX\\\\s\`\І=ذ\*Z1\q#뀹!ef{l:\]}\J:9w\Vc\説]\I\i)`ȗϰ	x\x5v\s$Z.\شj2r}Q\\\@\']2׊N\\~oghk>RLy\(\\B\\w*\\"УE:5z`FmϨ{\e\\\\h}\y\\<\\|>՗XDb\0\rW\IIkv\\\s\\\Z\\9h)~/ 6\\\Z+>W\\Z@erYK=\`fn\6=trNt\/\^\\A+\*r.[l\˂\\r]\'fʹcr\Tg\hgiroڛ\y\5>0߻e]߁\\t,\\\rWM̏u\'v`v#\Z6\y\ykk9^\\?h\\Qf$\*4P\Y)HB	z%H$T\= 镟Bj`EZV5j5*1C\ L)\$Lg2Op\45IR_\\%%\`7gj1=SS\ZC@ƚjF:+[WUJ$\<\\K\#4\_Ooew\>}O2{h|\\g\\>O\Z\U[dr\\=w~\\CCaH]ڰ{ױ\\\{zL6\@@HySA7.\\I>\0$[`\aoQde}\\`I,	@=j&Ģ\n;\¬3\^\\\\\\\Y}@	~%2f{s7\akR\9X8X\ɹ\ոA\Z\\0D\j*}Dү\\"c\\\Z\	\㜋~dz\\ZsN5t\6%ZThA\_\/>\\\TvYq⦅ʁ\\^7\\\\#=\0\o۔8,g7%e\6\\?\'C\~05\Ya\\'oC/\98\+9\Sc\\\'|I /X1	\":6,̈oBQ\,\0\so\#w\ZNbѰT53VWX\n\'ZTlt\\5`E`\	R,3q?\34i\AO\\%\|+8rX?Cd\Hm\]\Bg>/xjn۽\F\ZRĳ\Qd\'r\\B+]\{M0!\\Jux\\R\Z\8pM\n\0,&\s硉S\\B\\\\[K5ض<T\YkW$\\0uR`\]%&[=2,W-ޘc\PB\\\Z<C#7\r[\0P\\Zu\䀅6R8)\\{篿\\\\8\Mq&\0ޒ\M\vw^\~\@B6\"\5<\b\\Ř̴L.uZ<YLء\Z-tA	eovyf{r\[j|\\d\*j\A\\\r\\Z\rk\\ʴ\C\7(EG\5ԉQ;7\!\r\4m\àU`$l\E\)@ME|KA\\\ֵ\q<\2\R\ӁsPJ^\\ǮkUx}t\Ondvi\\+-\r\&\`7xhu\U@x=ϚT*\/\`oK5\\@i\\\\r&B\\nrp9\ȷhk3ͬ\n\`0Z\ɇ.q\"U@\\  )\qu:$9\\\\nWU\!S\\H\u KWpPU^NІ\\\YjY\j8XWVJ}\\\S\ivbeZ\SL{ץħT\Z\\9:\nQ+\s{:h\s8\;\oE֠?\ȟ\0Y9|IS\\r2iQp;#@ٞ@\\0Ƚ\\G]f\KՑ\D\rY\\!&ս\0`\\ĵK5\O{\ԓuC6>\U4k\<!R\\O\B\(bz\Z{B䟾jP\`1#@\%J\LGF t@}r\3d\Z ~\kO\A\\\(Y3xsI\Zf\˚!$?- .Ģ\KEk\OE\so\nԬKͲW\\\vX\lMh\\$ pReWoR)	j\\L\\r<OPj<B3x	E/ݦ6\6z|[ȕ\ۗ}u\7q\#o\"7ͨ[8Y\\CU\#\r\\\l*¿,\6oKpSΣ	I[\4\K\h%m6Z	\0\d\@>\"}\}\bhK\C	U#J\6Lkˑ\3d\yUi\Ԛڨ\\Z\P/Câ2,*\n\Z\h\`$\5\\;&\r0~r\`hv\\O]N\#{޿J\V\˽P\\*8\q4fB\\"\Z1\\&p4\1hz4\ͣyn\rTt\<ij0\U|3\}C	\2C\\\Oc$L\r\\{_P\\irRD\i\꫽s\ZF\\1\W\_\<b\\<\\v\8=o\\,\8=r\:>\癃`?\F\\U\o{r\5\ĂTcFxx\r.Ɓ<\8R\	\q=\\c\\L \;\+\J\tRhִU\zbW\&er\a_\t^ou,L3\}%\r\dHӴޜh\\\tOq0\\z\\\\\d~b\\\\ƿ3N6%\"VK@P&Hk\W\FPXj\Н|\|\Z=\)50\ +\a16j\\:q8/\j\?̀1\r\\Z\Z\\\\M:nOZ\r! DõP\r\H:\'6R\r`\\6^\m{*y(#M,o\Hf\ʺ3h|\C#q\8e\с\h:Q[b7T(7T\\bC^\!PN\,#7\\\]\9\,\\\\\̸/\r0f\\D!-Q=;Dv\"Q`FSګ\ګ\\Z\\U\\0@\z\\ը\r\n-F\>\n<ur5.\iG\r\Z.D\Vh515bj4\Q\\Xݢn!ERf\G2wQf/\вG6Nu\p.,P\>݈\\<\\u@5sup\݊\xp\\Z\ZmonLT\ޤ\Ep\ځѨ\H4zh(\aُO\CC>4ʣQ?\0Ѣe\\R\ި\@0r\ 4\Fc\\\䜢\?\d:\L}g?*\1\\Z}$	M F:ժJ\vIK}\plat\<#_ HT/y\D\;\ VH\_\"H\\n\f\D\r\\`Y\\0\\3\n]ď\L\'x\\ԉƝ\rNT\Z\QT.\\]v\;j7Hqb\ZW\\Ke\0JR\⬰Tiqۥ\\;\7[$%#),w-\\-\\BOL(>WH\-D5sh0\,6\b\n{YbH\<?=UH\'Ҋt\"V↔@\"EtK\͇O|N\	_\nͤ*),28O\\?o8\b\0\nT%Lx\d}\S5\8e9QCRB\_R81\Zl\҇\\VV@iW0`\Ζ76^\\\E\ݭ\\u\\+9uELٖr\2\L8.V9\L&tIf\]L}r4\ZF\0V\Ddm/<\\"Ҋ\_D\\v\Z=&/da)k*$RI=V\\#5\0u\J\\>x\\\~Q\u\\ז\\1w\Aw_l8\{y֓FS\?FBG\\m\\}\\C\\HMzrA.oH|`Z\'?3\FR\1%N\"\9E\YD7WSz\\\	\\\'})\\zF\B#I\\\r҃5ІH P\'\\\'k}\ښ9/eH4A=Ǝ\wH\\'LH9\7\\ \\\;u*:v\`uw\s/14̇$@hOBfxVr\K\'OU궢X\B\\\:RD6)Ʉp\":[\\ÉC\%Nroeϫ^9ٟ<\\K\\ZS7g/_)R\\u\ѧ1B\V\L\\rF戎s-\S\\)k\X\\fI;\d3\ܶ\2 =\~\\vي\\=7w\\\\)>tE\\x\nY	\:;OB~m5s5{E\|&\2ɹ\r\;,;u\'L\He\?\G\tz͓	\'z\0-j\ȯtRox7+7\(~E\n\\\\=)`߄\R>$>`p! <Ǣ!o\zHj\\{\u\uEȹ(XFoהY\\Ah\Zv\\bGp8N$8n{\o\\\uoWv[\\Ŏ\\*ԳJ⯀kf~\m?\/<&S?T\\\\\\W\BħLϏL\\r?{R\6\\̯oN\<<p`%>~hl\q\[ռ{=ceN±>p <T5\p>\-yˡU?\j1j8_[ޏ\n#(R\wrQ\Ֆ%\/S@\h\(RG2{\\">\Y^\YScϡK\)\\z\SH	欯\\\tcō?m6x\^\"\ϊ/(X\4\rnK\2ex\r\'\\\")\.T*\8sW3`J%VÄu\Y\n|])/\I0c\pkowf\\\\Cior?\o1<\Z-F%VkRv\'e5\Z%1\mrWs؝\3jN)TV781H\y\\\\\nK\U5PkRa+̨M|\iF2\'\5\&\\lt\%H.)4:uL4\\/ã\VV?\\\\)\\^_\.[+\y\!d^U#=\Ӹ*8`fk1.51\\;i\`\\A$ie]&~\\\4\\\e\0	X͊Ĕ\.I\W(%</<_{\=^o.\>Z6/\5oy ~/M.R9\\T\\0|\v|5QN\Ʉ\ͣ\\+58l.&Ďc:\myx\x#C荆Ә̛YXf}2\00IP^\C\\O\"\\"z\3:\Zgw#\\.\\Zs[\څU[T\r̢\-Dԑ\\>KۓD|<ߢ\\G\J>vN\nUīpy(\p|feG\Z1\5oߨq(\[.gТ\h{\\\h\zcv\ZğfM,d]ɟt23\\\\\n~ie	]a:\\nćX\9FH\C`Y\Xq\|6\4\(AxEv\n:T\I!3 Q4-ܮ;$\h\r\\n\>w\\0\3+\৔HdV\y\I\'h |ȖSL\sZK\p\nv@4}1f\\\\{|-\_\[/\\\0-`\b_$oi32,\_PF:+\9\%Ϥk\\`5l\j06F\\Z&Qh\\k\05\\2~\![Ϫ\F+\uc\c\\\q#\Iz[\\"j\7Vr:\\"j?M\T\b饒FƔ\\n\*p\z\\inmVjJ0G\x\rt\\I-\n\ZY&\n_ɨ~+d\\=\\]q`\\\\"qC\Z6\i\\|Ѩеk,k\\zK\ƛ\[\\\\뽶CΙO}[z\#Kv^\r\\r	L\nb|\\rƃ\yY\\\5u\-՞}\;X̮\P~>[G\r6D*H看؍\0.K\n\ZV|>r:QWZU\7ZVjJ%ߏzd\\o\Է0\Ƀy3҅\rwN\ЦtG/(\g\n;\'\lC[\@k\\O\~\v\\sf%\Fލ\U-\7\0\0睲h5\\(\\\\\\|\\Vx\eW*r\0\?h\\Sz?\]=\{\KQF\(;k_\پm\\2LsK\7z\$a0\k\倔\O\fZ)\6ေ#3qOa{GMܺU:`.\g{\t,1\8\d\HGf(\k\\\%\\"y\\՛\8\j\Dd@9P\\?5%\|M|\(|+|Ǐi\wu|Ψ|+~\e>\e?.\7$\I\\1uu\r\\\Ze\XΨQ@*l>\w\q\Oo\2{|\쑃\\h\nTfۡf	\:\a6ZM\r9<ܳo\\0\rY\0\\'!⨖-u\ي\&wlE\:\\A\ֈNp*H)NV`|7D`|A%P_AQZ:}J\Z$l=\\\\7΀\B8\jsښ\rY$t\n\$݅\;\}=Ox#0\'K\=\0\nkh\00\wQ\d5\D#K\\\\xҬу[>\\rJtS6f\g+M=砘y\I\rDSºa\-\\(B #wV\\l\\Vo+\\h\VC8\_U7Ȏ\w^ԃy<d\{}G\\"!\d\\n:\9\I|x&\Y_\{W5д9W\LT\\{{ds(c[Ӈ\v8e\\mm#\0\r\=r_\\N-]#޹\dl(\t\vXQ\j.Y\nw}\\\RE\*\\FffΕN\0\\߹i]y\D\\'*Ƒ\\Hghd$ԉC\+>-\B\|cG\_\\%\Q7ɻ\'atiKW}@/oԼ\\=\o\@\ZS+͠*ćpth\g\\(\üDw\"\\\M\ޖ~\\\K\|ܭ#\0P4\N)\z\Scy7͉\\4\"\'\5\0\\	^b\\k0-H<JI4ړ=aw6\\XKي݆	p82\"\J\\KL!\#V\4Ҏad\ZٌlGn@ GP坾\u]S\\X\\þC#\R$Lޜ;{b0\}Xr\^gsu\\\\ޙqqc\6\6\M&W\kHԭw\߶7\ݴmR$}!}AT\?bN\r\n[>J\\*Ėv|\!*\n2(\s٨U\\\Sk\\\\ާ\K\\kR&\<7\\\rm!xܞo\\\r\z\{\Zu/~;\fCh[>߆\0\\\n߁GC`g\5k	8A`ow\r\t\\8:\\1Viof=ɧ\\\`?\Bt\I*\I32\WC7:{6\j3:\{+F\\\t\A\\OXO\F\KJ\0pI	t*\\\5Y\zm$,DS8\fkUŌd\b\a\Z֙\\\=\\L4ne,\f\]#\H\\Z\\nT1\e\ʘ{[k4\\nu\'J[zNA\	8 R\\x1\\ 9q\"\\\\0V\ZvHC[\Ń\!\\"ɳ)+{b\sH\ג\j6\ZoD҂Rsp\]1u\\\'`HN\'\e^9\Z}E)fATC\(\n\Z3H,sHr񻸎ĀwJ\ܸ\/M^GQꇅH8͖-\QԏQ\E\\'j\W\Zҁ\8\\<i~{!$c̦VJI\HN$Dx#\%\N3r\\F[7\:\SҤ䪭\v\x\FuK\"\\H\\G\;G\\no)ۦn\\qm%d̔\\jlҺ\)\a\h{\\Z0\v\\ʀ\\\\r;#!\\7Uq2\8\\\2ݙOʣvb\r!3\5\\\^F\9`p䴷y\c\ܐeL\\\rt=:=\Sdgxjfv\ \\r}\Y\\mOzC3\\{\'\\\\#\EaA]}lJr\%,&^6Iz$2g9L?y`\6bGXD<\b\`\\\b\\"pU\Rg\\0\?\i:yǞ\.:p\\t\\\@0wZ\\0N\t\\LE\EF?T9݋.\嶶\A˧\b\7\O#\e\p\_\n\o*\\O>z\\\\G+߸\JϚ2rI\"\\\P+ۮX^n.\B\>b9\\\C+\yX\×\\V8V\\\ʻ\ExZΫ\\?VT̎K\g\\,a|I\*\\X/{_\Ե\}NB(GQAp@Ee2 \JHD25	Vۈ8U*UA\T\\\	\֩Vũ֩N\I^{\~\}9\\g\_\^\Ą\\@yM~B\\\\馽.GTWjP\\@5w\\>\[={\\A[ߤ7e^4]D\Aw\Zw)̆~\d\';\\No#v\d\';\\N\h\d\';\\Nv[\\ߥ6ޠ	\\Nv\d\';\\Nv\dA\\d	]Y\'Nkx\!\p_Ѻ\\Zs7\fv\%\c\r\ɻ6\\X\sv, :8|Ď\19%V~g\"\q9;v!:8>eǮn|EO7?I\n\ZcplBc\\if\\\\\s\n;\\8.\\1\fݑ\ṎFر\\+;	V~g\cv\B4jڊ:rve\nD[\\$\	k\gǌ1\gf\lx?3c\:\gf\3~fƌ1\gf\yR\\1\\E4H\(Pr\@\#&X\\W`%\N)pψgJ\\0NW\"\ZF$#)AFGsAnFT\(kBxra\La\\:!D_Kp9\YY\jO\r\꓆@`\nwЪ{k)Q\\kn6\5\,\R`Q\b		脼\د=~%\P\ZD^V\W\\\K\u#\ntD\t\Z`QaKTV;d=2AVD$U|HV.̲ad\q0}0Vc\\^bM[$ǚj1\I+(X\n\\\Rel\\u䨱ZX\`TF{ZǶ0g\\[Fw5\\Z	l\\"4+|iq-y\Aa\e\\aߦb\jm-B^\3a\Ϯm4}4\rŞR[[O\f2g%G8\(sVk\Y#\Ʊ\M`\(\pa\AƗ\X;o֫\oX\f%󻂔 o\t\T\LD(\T\7\d:\z+7\\\&\Z\W\\B{\_Sqc@9\OY{>ED\\a\L@^u\'طh\\gs.\0ƹ8\q\\ªtg|l\\TciX[\1\\Q#\s=e\PT\\\i\3&k-ܖ gk7:\\"\ħg¶N\_l}`(ٹ\J\\QT\BFT%ʵ#fbw0cxc%\j\*\ا&0\Yqj[T\l\\'9>Ou,TO\Z)\\\{\,~߾F\-\\\\`;\gFmAuWW@00OZi>y(p\\\:\"{L\\jdSt\+c3\\煩O\n\\Tlma\ N5o\Qk\\TK\SEw*\Ϩ\zdm<aX\\3E822<V\\uIUNg\\'\n>֐ҁ\r/9V\lϞ\\jQ4`\\\t\W-15\\Z\'K\0O\'jTg:%+\\\P\\'\h,\ě\%\Tl-w\v\s\\\\ْ\L^\\\Ae\NKȈ\._zHmG~S^U9ź\L~\Z7\\du|{laX\C\\Ha<<]\\&U\,[\j\mѫ\Tw\"KE\\zf+m2D\qe\tXF\T\TY\X\\&lč:X\u\\\z\vx\J\NS3=7\h\Y\%\\n028\6\z\T~\ר\\\\X<\[{\ؾ?jJ\]F\\+Xv\\seojgKgNћ\|\hB\\0\RW$FAdEjG\"{\Gj0\C\78F^\`>׸H\s4\0q \C0%bN)1[\\2\h \'2&:eVh\,fR\\\r\,\#8Ϊg$idF1xV\\K\a\fF\8lC$\glc\r?k+Ç\\A1B\\0U[}_8N\0͑(;D<\&b\Y!kc\*&R\\\Z\U\\\O\wR\\\"V\wj.ƾ05{.Ϙh\Y+bc)\v\F3Q°ŉ\\\\ho\N#\F\\VKVS\8#\Al\z	\+ъ6\p6\RAt`(tF]\n\:̤\i0\3LFJ4*\rc\n\heAM\\ڤ\\\\LZSr>׀vPH2ݙj~(LϠeZN	uZ*:KaD8I*#3PTj\\XD\\(e\e\J\n-3(,BiLJ*VDŨ\JQك2*RT(\nJͬR\nQnP\yC4\TjLJ5\\@ \ȴFbPQi2JKeL1+դVR઴\\ZةUZ\OILTRf\2(A	VL!7(F~\0F[4YjJ\"Y\Z8J`Di\\j]6ΥT\ZLnTZʄ|\rQX4*U3@&e	62k\ȴ<B\\ܧ\'d`AeDU\4T\tX1\IE&\(B\#ϐ@1_L\R\ּ\n\!8\\B\\?s\rכ2R#3d\";pHףe\תF,\\HEt:Sɤ7vP\\Fe?l0\\u\>#7@\nyXS%\tZp8pUz\n\\cT	%+ZFChMJPL@ܕ~\ JFe2\\\l%U7:eDo\yȒD(\\^\cdg\6eJ+WgA\Wk\B\3\$K[\AC܍&J\$\0\EV\?@ĀNBU\dޓ1\s |he\CP(\'C\\(\%\]D\I*UeB\5	TNӡӂTf]-ReF\UV\nK\\\PjU*R\\h\0ٚ\\$\\"XW:\r\ S\\ct`r\r%56\\eFtuM@1\\v<Qi(z\ALWQ\N\R\iSdP[\@\nɌF\\%C\J\$c\J\rCkXK%T{WC&u\:m\MĦ\\r[<e,ө\0\"d\rU\Z\\gA\|`Atj:F\f	X\0D\*UU\$shXOc%3tw؈AA\(\0j(\eRn$XuC+T\ugR\\XM\\\L\\0\\\\c&S\[\\R5N\\P7 T\"k\y\ySIäbJH%H\%\\7,\\"j$):~PҰT|$7\Z Q\!	Rqb\"/$	11I\\cEH⢨~/.N\"M +J\"ND\b\\h\HHIR	Bè0i$|PLJ$MO|\EJE+Kk8&TbtXL\n\K~\	C\$*:>&BĠYX1FǄIbETDXlX\)R\\j78Z\0/$Cf\\%Ia*+I֭%b&$\"DJ\A<r\'\\B`_\\MՈDq.\6\2\?,7|kX\X@\\r\h\\\Ԯ\j~D`c\	\0\&ړ( \8\7	\~g\o\\rq!,z_~WW\}\\C\ww\\\_>\\\\\\\\g\\OC	A\"\\IьlF%[A\\^\H?#c	9Б3q\\\6,\'U\Dw0Q\-&q\@zHY\\rN#i\r8\0\DN\\\0G8\\0g2\\bY8[\0g\\H\\\!\\48}\'p\npr\0\'p\0\3Y8[pspq\;\\\n\p\0\D\0N\\0p>i3p\Fp\8\0\9\\F5qx\\\\pBG8ɀ8cg\n\\R\8;p\\0\uy\-&\{\x\3Rǡ\r7\NO\3\\\8\0\(\{\ {0\pD\p\0\'K+*VµpG\n)E澔{Q\n߁\;\\\H\0\ra\O\\\K@0㋙ޱ\f7å\sI>a\|\\\NWatA߁\;&$Pzh\a\$kF\\\`@P(	xU}r)p\g\g^4\m;9N`\b^J\}Y\\#\Lv\"I\'\o$9l.\jm\6ډ1\ZBd1ځKy\tr)oi\9f\0a`bwt \\P@\\'g?\\\\'9/\\B!t\Ϊ\\Zo\z3޷\@>,2\\q䑎\h0Wa\Hd8X.$G\`uّ$\\B~\\m\<\١\=ŽJ\L\n]\S\S[%\\4| bgco0\ƃ*\|\y.w8#\\\L\6x? cspPCI\!ux\{\,\\%p#;\\=\=KJQ\ZNL\	\9fs_Z	\\H8q\\Wdw|74y&\"\\B]ӗ\o\\\]lc8\'hO(\3\(Pz\\\\0xGd\\\\\l;q(\\7\xI@rf\\0!78\"79;\N9\q\~rq#]ܫ\<!:>9~\3*\\*\\3zW\x\sI\'ntr\\^N\3\С\\S{gJJ\\r吮r(\\\ͅdg\Z\G\\\O:	r \\\f\`Nvh\D89(\'ur{\&\\9W~\"$dҗ@*;=\\r.\\\~O>\h<ԍ_E\)4]-\E蹐Pk\ٱ\'qA*\\Z\n\5ETR_\rjP\}\n)bd&\\\\:X^{-\<\ON\n<\|X2sH2Йv\;tt\r9/\\\'yd^\$\i͊\f/\'x~YJoDt+a+֝Iښ\\=6Ln3$\sǫ\J\\*\1w%X\CU[\\\jrAt}4xˌ*mI\rt\ТT\贊Zz4?\\>\ó~J\hiTBxݢk`W\Z\yLCmĲD3W\\w\\\\'H}\̴6\\G_	HS\ĸ\A:t\n\r\\Zؖa,ӢD\t\\\ä\#\.\\\g\k5\z\"c$?\/+lJ5\\I)\\u\S\\6-zdZ\=n\Sx`ٍŃ_\[uٱ&O6*\$El:6\H\\3:ު(\U\f.\\\K<\+tۋG]qw^g(Qp_nե\\E\/\iMO\\\ǛDˆ<<7\\0GyG	\i\\if\pZ\'J9SU\ŹK\MqZ9\! \\Ox\v\=\h8\\1_G~7f%\hE\q\nƼ>\\\X\צs\|8\!o\'\\\Ч\ӟz\ݾ/ƾ(븹\"Zb\$D\\\~CnP\>SVد\aDQ\Az_\0\$/\OG[\4\']\\&\\ۖ\B-\"Zdp\{+_K\>Mn֞\N\;H8\\Mx\]O\v?\I\5\6\\W\\_ou2^\8\{\k>v\Ƭ i\s\?H\x\ot4otľr\\1eO6]xS\Z\u\\7以\^Ӳ/9\>i\uå9\\M\"Ds\BߏG\wO\0\\\4X\%oz_Jf\/\y\վv\\;\7R&]\\\9=\Ċ.mxy\;\;\\<>	e\M;ps\\qn\e쀭ל}?s\[\\W(DU:\"}2W:400\\T\)mGc\s\r_V\i;\T8\Zd\m]\KC\+\Gn_qlԀ\[\\y>~m\<r۸c\vqF\>\\\\׭\{\\O\\0\4q\cQ\P}ǝ\rb\'Zo\,z˱G\5\aι-\?`0\\/o\k\\r)v\rcjރ[6\\Tҋ\`ί-^\ \ǂ*ѧ\1+u}5\_]\\EZ~\Z~}g.&^\1sq蠧\,\'ܓxtB\G;\x8߶T#3xd<Snڢrc\\1\zR6\\\\\\S\z\\ʝ\Wx,\v}Ԣϣhq\NӅBSAi:0<\\Zu\\-K.AC;v\\Z\I\Z&\n\n\&Q\	h\zf\\,μ:+No\U\\\h҉\D\()hxZ)\	`\0\.Hq|\\\D\\\\q\\'T\/\ݧ\}\\w+UQgs\\\\F\+w{T-\-ܕ\\ۜA>\{\i6>}@p\qy\'yE\kW6>M\?;vl֐8M{.\}m+gY5q%_ki\S{̍ݧTt{kY@BHF3*\ۍ.WώkW\|\I\,\\\Ӯ\Z\r<\qX\nc\0s\vO-Y\\'VjʵKu\\;\EsYT\G\r\\3+vwuW\}\Z-/8~/oߺAm\=EO\)8\\>Mj8\\em\n3z=lkwC\*F\O\vޖcC?y\a\\\\3\|eg\I\)/n|\B\^*hzeî\|\\\\r9\ *d{/{t~\[2D\g{DQ|=\ry|8}\\*g\E].{w\\ʹ\\ɚ\V\ǟ!/ozz\sNzhC\\|\\\}T{\\_\N\5\ĝ.w\v\ށsJyOݻ#4{L\\Zgt߫#\h\\NNs\MHA6m̅llJ7\dMVHÎL\lS]7:OH]UJ.3),SΠ2\\N\]\΁A\nP܃3g\Uߗ\\:=\Lw_zp\@\r\]kS\VDSo;I\H2y9\Ld\\;S\=q\-?x\c\LYt/\\ozߺtO\љ\\\;\\\~\\V?M\\\\\\'E/$u\STDk<\ZJ/y\\\\Z\#DthY4\?*o5\\N\'_,uNy\\\\\\ Lӑw_\ySҲM-r\/\cҧ2\6o\-/,\\*SΖ<g84~\\:.Q\\A\\|\'\'4\"\\nAO\\\\Eę\n\R&_o\\ea⼡\>/.\\3\=wC\\%+7\\\ᯤ y\b\mxT\qCHi\t$a\B\31#\\\k\i#]/\ܺ!wc\-k\\<\}\\Y;O7X>Cc0\X呰¸W\\4d\eo`Μ\O\\A~e\,C\\\+]_7\ڍcΘ:!?`2\\mZ\_<~y-g\\+]qK>\\Z\\(\Yz\n\\xt\\fAώث\\\BKO\\\\\8j\\ۻ&8t\\ѝ9\\\&n\'n\Ϟ_\r)\p\\\\[^\-\\ܽ_xKmo\]\\RBo\v~^vٝ	ۮ~\#\\>\rڍu\)\\\6ǦW.\ڜ\ʼ[U.m\\D͎7w}\\t\\9]\6\J\\\%G\vO5\>\\\y|\2\\ұ\RU{\@jZ˿.\r\s$m\)\r^6\r\Z\\6o\Ir8柰~\\9\\J\g5i\\Akڒ\3\\-\\\-\,]RT\:OTU\q.y\\Kjy\c\+:\q\jinE\'q+\\~0)\A4\\\s \B\\r1M+\hǒ\ywpP\\@\3\ss\/\c|!k\!氄/vC$\|\\\\\BH\\\\_\\\\\\\0ߩ)\Mi޴T\͌Q\'/-NR(\\ڎ\9mqУ)\n-HڮAu\\\"<w.\\1ͣ\#JMUbVD^ө>z\\̈ܕ7\\xd\\\ދM[>\Pՠvɨsw\ϞӇ_~X\\[fmj|~C贱\{t\k˗\~trYg\\\Vm+i\'~Y\rM}\r`\\OHΘ;eWy+S\ў~_m[ߏ\2g\\iwd-\\\,]x\\S\6O\\\r8\sU?\\첧\\]\9yϗ7*\\7ֻ\#\\#bھ\nø*Í6F.<xo\\fމЫ\}r\\e^^؜ve_\;\jU\'3ˀ6bo߃\nYY}C\]1S\\+\Lh\PCD#S\-\\9\ͅM..c\]%\\'\ΰλ\;o\\g\KZ74\\\ZDEp\"f_})۾\1t\\	,\nC\\[\3=in\P\KbKH\?S\d4\ytPnslڜN\l\\\ks\o\'.C\S\Ĺ\\V\'s鉓\>8ٸzJ\r,Sid\\\\a\\}8tA7C0\\h+\;z03\TZC\Oy\F,a\UI\O3^\<e\O8\RO9\_\i\ͤMx\ި+\\^Y<R_4azd s.sƟl6\Q\~ӥ\'6ʼ\\ѿ\_{5_yzw\nWn*D\\\cª\"Ӥkǉ\\\\:,<\^I>2H\-T\a\_GG/\qbw=mۍ\7\=q\ۦ~\b\z9?L=۲\"\\tp\r\F\CB>m?|^uT:5C[\T\ׁ\\\;GlsyY쟗g}\k4Az\+*FJS*\].\\\ƥ|/\\#\aW;~67?KVˆ{dm9Ԝ\R\a7\/*\?.1q4r\G\+D/4<A?e\>\\N._lܸ\ϣ\\\\"\\\ҧ{3(r;+ٝ[!s=>[擑\\/\v6\R\ˋ\ҥ,|v$\\\5n]S?ո{a\-}^9\}-.\wd\\Bst\\evk4cH\\r\\mx\9$IOn\\us`#%\\&7\\Тz\\F\\mDTo\Bi{57b\'\\Rݚn7H+l&\I%\~uiGқ\v\6o=\Iֿ2jf^I$F}j\WKu\|\GIv\rt\\\=ncvT҈!]ꅸJLk3tv\,j2m,\\޽[jʜ(9\O\]ʸX\ŭG7̾;s\u9kIޮW]ySo\\\Xq\\Z\\/\0\\"\6ۧ\\d[}!\xСe93\<}@3\r\Z-JU\<93w[2	\UWzwY\\:g\\d}f}z2b>!\bʌ\\^\d7e1\WZ\\rohŮML\Z\\n\"\DB\\7`q\3mHi2\@9Ir#f\eX\r\fF \"_X\\8ZG4\ʁ\\\*ѺLb\\'\\\\\,\5\5W\\ϷzWz\l\F\Byݺ\맚\\REV\|N,\s.tɫ^+(j;ͺS\\\͞:nzp\h\rV\Nͽ.cn=\\ir\]7M\\<rp\ǯe.;\ܒ\\rY\ؽS>4v\疗\\\\ZxYV3_.z{\n\\nG\pҹu\k\'\\\>\\U\~!\OK-\0\0\0a \r\nendstream\r\nendobj\r\n23 0 obj\r\n<</Type/Metadata/Subtype/XML/Length 3093>>\r\nstream\r\n<?xpacket begin=\"﻿\" id=\"W5M0MpCehiHzreSzNTczkc9d\"?><x:xmpmeta xmlns:x=\"adobe:ns:meta/\" x:xmptk=\"3.1-701\">\n<rdf:RDF xmlns:rdf=\"http://www.w3.org/1999/02/22-rdf-syntax-ns#\">\n<rdf:Description rdf:about=\"\"  xmlns:pdf=\"http://ns.adobe.com/pdf/1.3/\">\n<pdf:Producer>Microsoft® Word for Microsoft 365</pdf:Producer></rdf:Description>\n<rdf:Description rdf:about=\"\"  xmlns:dc=\"http://purl.org/dc/elements/1.1/\">\n<dc:creator><rdf:Seq><rdf:li>איתן גרמן</rdf:li></rdf:Seq></dc:creator></rdf:Description>\n<rdf:Description rdf:about=\"\"  xmlns:xmp=\"http://ns.adobe.com/xap/1.0/\">\n<xmp:CreatorTool>Microsoft® Word for Microsoft 365</xmp:CreatorTool><xmp:CreateDate>2022-06-07T13:15:45+03:00</xmp:CreateDate><xmp:ModifyDate>2022-06-07T13:15:45+03:00</xmp:ModifyDate></rdf:Description>\n<rdf:Description rdf:about=\"\"  xmlns:xmpMM=\"http://ns.adobe.com/xap/1.0/mm/\">\n<xmpMM:DocumentID>uuid:4E9A4D7C-EFA3-4D64-8598-2C7A982979D2</xmpMM:DocumentID><xmpMM:InstanceID>uuid:4E9A4D7C-EFA3-4D64-8598-2C7A982979D2</xmpMM:InstanceID></rdf:Description>\n                                                                                                    \n                                                                                                    \n                                                                                                    \n                                                                                                    \n                                                                                                    \n                                                                                                    \n                                                                                                    \n                                                                                                    \n                                                                                                    \n                                                                                                    \n                                                                                                    \n                                                                                                    \n                                                                                                    \n                                                                                                    \n                                                                                                    \n                                                                                                    \n                                                                                                    \n                                                                                                    \n                                                                                                    \n                                                                                                    \n</rdf:RDF></x:xmpmeta><?xpacket end=\"w\"?>\r\nendstream\r\nendobj\r\n24 0 obj\r\n<</DisplayDocTitle true>>\r\nendobj\r\n25 0 obj\r\n<</Type/XRef/Size 25/W[ 1 4 2] /Root 1 0 R/Info 10 0 R/ID[<7C4D9A4EA3EF644D85982C7A982979D2><7C4D9A4EA3EF644D85982C7A982979D2>] /Filter/FlateDecode/Length 96>>\r\nstream\r\nx5\=@P\}x(q\\\uNu,3\?K|L6U\z	\\ .%7\H\*$Td\"\ena\'\'\"[N#\\r9r-|\rL\r\nendstream\r\nendobj\r\nxref\r\n0 26\r\n0000000011 65535 f\r\n0000000017 00000 n\r\n0000000166 00000 n\r\n0000000222 00000 n\r\n0000000511 00000 n\r\n0000000861 00000 n\r\n0000001029 00000 n\r\n0000001268 00000 n\r\n0000001321 00000 n\r\n0000001374 00000 n\r\n0000027007 00000 n\r\n0000000012 65535 f\r\n0000000013 65535 f\r\n0000000014 65535 f\r\n0000000015 65535 f\r\n0000000016 65535 f\r\n0000000017 65535 f\r\n0000000018 65535 f\r\n0000000019 65535 f\r\n0000000020 65535 f\r\n0000000000 65535 f\r\n0000027755 00000 n\r\n0000027990 00000 n\r\n0000057616 00000 n\r\n0000060792 00000 n\r\n0000060837 00000 n\r\ntrailer\r\n<</Size 26/Root 1 0 R/Info 10 0 R/ID[<7C4D9A4EA3EF644D85982C7A982979D2><7C4D9A4EA3EF644D85982C7A982979D2>] >>\r\nstartxref\r\n61133\r\n%%EOF\r\nxref\r\n0 0\r\ntrailer\r\n<</Size 26/Root 1 0 R/Info 10 0 R/ID[<7C4D9A4EA3EF644D85982C7A982979D2><7C4D9A4EA3EF644D85982C7A982979D2>] /Prev 61133/XRefStm 60837>>\r\nstartxref\r\n61810\r\n%%EOF');
/*!40000 ALTER TABLE `blob_file_table` ENABLE KEYS */;
UNLOCK TABLES;

--
-- Table structure for table `branches`
--

DROP TABLE IF EXISTS `branches`;
/*!40101 SET @saved_cs_client     = @@character_set_client */;
/*!50503 SET character_set_client = utf8mb4 */;
CREATE TABLE `branches` (
  `idBranch` int NOT NULL AUTO_INCREMENT,
  `city` varchar(45) NOT NULL,
  `address` varchar(45) NOT NULL,
  `region` varchar(45) NOT NULL,
  `idManager` int NOT NULL,
  PRIMARY KEY (`idBranch`),
  KEY `mangaer_idx` (`idManager`),
  CONSTRAINT `manages` FOREIGN KEY (`idManager`) REFERENCES `users` (`idUser`) ON DELETE CASCADE ON UPDATE CASCADE
) ENGINE=InnoDB AUTO_INCREMENT=4 DEFAULT CHARSET=utf8mb4 COLLATE=utf8mb4_0900_ai_ci;
/*!40101 SET character_set_client = @saved_cs_client */;

--
-- Dumping data for table `branches`
--

LOCK TABLES `branches` WRITE;
/*!40000 ALTER TABLE `branches` DISABLE KEYS */;
INSERT INTO `branches` VALUES (1,'Tirat Carmel','Hertzel 54','North',7),(2,'Tel Aviv','Alenbi 15','Center',7),(3,'Beer Sheva','Ben Gurion 5','South',10);
/*!40000 ALTER TABLE `branches` ENABLE KEYS */;
UNLOCK TABLES;

--
-- Table structure for table `complaints`
--

DROP TABLE IF EXISTS `complaints`;
/*!40101 SET @saved_cs_client     = @@character_set_client */;
/*!50503 SET character_set_client = utf8mb4 */;
CREATE TABLE `complaints` (
  `idComplaint` int NOT NULL AUTO_INCREMENT,
  `idUser` int NOT NULL,
  `orderId` int NOT NULL,
  `date` datetime NOT NULL DEFAULT CURRENT_TIMESTAMP,
  `status` varchar(45) NOT NULL DEFAULT 'Active',
  `reason` varchar(128) NOT NULL,
  `content` varchar(1024) NOT NULL,
  PRIMARY KEY (`idComplaint`),
  KEY `complaints_ibfk_1_idx` (`idUser`),
  KEY `order_idx` (`orderId`),
  CONSTRAINT `complaints_ibfk_1` FOREIGN KEY (`idUser`) REFERENCES `users` (`idUser`) ON DELETE CASCADE ON UPDATE RESTRICT,
  CONSTRAINT `order` FOREIGN KEY (`orderId`) REFERENCES `orders` (`idOrder`)
) ENGINE=InnoDB AUTO_INCREMENT=36 DEFAULT CHARSET=utf8mb4 COLLATE=utf8mb4_0900_ai_ci;
/*!40101 SET character_set_client = @saved_cs_client */;

--
-- Dumping data for table `complaints`
--

LOCK TABLES `complaints` WRITE;
/*!40000 ALTER TABLE `complaints` DISABLE KEYS */;
INSERT INTO `complaints` VALUES (11,8,13,'2022-05-17 19:06:25','Due','yanasfsd sdf sdf sdf sdf ','fsdf sadf sadf sdf \ns fasd fsdfasd fsadf sdf sad f\nsad fasdf asdf asdf asdf asdf\nsdf sd\nf\ndfs\ndf\nsdf\nsdf\nsdf\nsd\nfsd\nf\nsdf\nsdf\nsd\nf\nsdf\ndsf\nsdf\nsdf\ns\ndf'),(13,8,13,'2022-05-17 21:47:41','Due','sdfas','sdfsdfsdf'),(14,8,13,'2022-05-17 21:47:56','Due','sdfsdfasdfasdfsdf','sdfsdf'),(15,8,13,'2022-05-19 16:21:38','Due','shita','this is a shita test'),(16,8,13,'2022-05-19 17:35:12','Due','test 2','werwerwersfsdf sdffs df asdf asdf sadf sdsdsdfsd sd fsdf'),(17,8,13,'2022-05-19 17:35:12','Due','test 3','werwerwersfsdf sdffs df asdf asdf sadf sdsdsdfsd sd fsdf'),(18,1,13,'2022-06-19 17:35:12','Due','ttt','hello world'),(19,1,13,'2022-06-19 17:35:12','Due','aa','hello world'),(20,1,13,'2022-06-19 17:35:12','Due','ff','hello world'),(21,1,13,'2022-06-19 17:35:12','Due','ggg','hello world'),(22,2,13,'2022-06-19 17:35:12','Due','bbb','hello world'),(23,2,13,'2022-06-19 17:35:12','Due','ttt','hello world'),(24,2,13,'2022-06-19 17:35:12','Due','sss','hello world'),(25,1,13,'2022-06-19 17:35:12','Due','ddd','hello world'),(26,1,13,'2022-06-19 17:35:12','Due','aaa','hello world'),(27,1,13,'2022-06-19 17:35:12','Due','mmm','hello world'),(28,1,13,'2022-06-19 17:35:12','Due','rrr','hello world'),(29,1,13,'2022-06-19 17:35:12','Due','xxx','hello world'),(30,1,13,'2022-06-19 17:35:12','Due','yyy','hello world'),(32,6,13,'2022-04-19 17:35:12','Due','yyy','hello world'),(33,5,13,'2022-04-19 17:35:12','Due','yyy','hello world'),(34,4,13,'2022-04-19 17:35:12','Due','yyy','hello world'),(35,3,13,'2022-04-19 17:35:12','Due','yyy','hello world');
/*!40000 ALTER TABLE `complaints` ENABLE KEYS */;
UNLOCK TABLES;

--
-- Table structure for table `custom_product_items`
--

DROP TABLE IF EXISTS `custom_product_items`;
/*!40101 SET @saved_cs_client     = @@character_set_client */;
/*!50503 SET character_set_client = utf8mb4 */;
CREATE TABLE `custom_product_items` (
  `idCustomProduct` int NOT NULL,
  `idItem` int NOT NULL,
  `quantity` int NOT NULL,
  PRIMARY KEY (`idCustomProduct`,`idItem`),
  KEY `custom_products_items_ibfk_2_idx` (`idItem`),
  CONSTRAINT `custom_products_items_ibfk_1` FOREIGN KEY (`idCustomProduct`) REFERENCES `custom_products` (`id`) ON DELETE CASCADE ON UPDATE CASCADE,
  CONSTRAINT `custom_products_items_ibfk_2` FOREIGN KEY (`idItem`) REFERENCES `items` (`itemID`) ON DELETE CASCADE ON UPDATE CASCADE
) ENGINE=InnoDB DEFAULT CHARSET=utf8mb4 COLLATE=utf8mb4_0900_ai_ci;
/*!40101 SET character_set_client = @saved_cs_client */;

--
-- Dumping data for table `custom_product_items`
--

LOCK TABLES `custom_product_items` WRITE;
/*!40000 ALTER TABLE `custom_product_items` DISABLE KEYS */;
INSERT INTO `custom_product_items` VALUES (1,1,5),(1,2,4),(1,3,3),(1,4,4),(1,6,4),(2,1,4),(2,2,2),(2,3,3),(3,14,9),(3,15,6),(3,16,5),(3,17,2),(4,1,1),(4,2,1),(4,3,1),(6,1,7),(6,3,5),(6,5,10),(6,6,6),(7,2,4),(7,3,6),(7,6,9),(7,11,5),(8,3,1),(8,4,1),(9,2,13),(9,3,1),(9,4,1),(10,2,13),(10,3,1),(10,4,1),(10,5,1),(10,6,1),(11,1,2),(11,3,13),(13,1,3),(13,2,6),(13,12,7),(13,13,4),(13,14,3),(14,1,2),(14,2,7),(14,12,8),(14,14,6),(15,2,3),(15,3,6),(15,8,6),(15,9,2),(15,13,2),(15,14,8),(16,2,3),(16,3,6),(16,10,3),(16,11,7),(17,1,2),(18,1,2),(19,1,3),(19,2,3),(19,3,3),(19,16,3);
/*!40000 ALTER TABLE `custom_product_items` ENABLE KEYS */;
UNLOCK TABLES;

--
-- Table structure for table `custom_product_products`
--

DROP TABLE IF EXISTS `custom_product_products`;
/*!40101 SET @saved_cs_client     = @@character_set_client */;
/*!50503 SET character_set_client = utf8mb4 */;
CREATE TABLE `custom_product_products` (
  `idCustomProduct` int NOT NULL,
  `idProduct` int NOT NULL,
  `quantity` int NOT NULL,
  PRIMARY KEY (`idCustomProduct`,`idProduct`),
  KEY `idProduct` (`idProduct`),
  CONSTRAINT `custom_product_products_ibfk_1` FOREIGN KEY (`idCustomProduct`) REFERENCES `custom_products` (`id`) ON DELETE CASCADE ON UPDATE CASCADE,
  CONSTRAINT `custom_product_products_ibfk_2` FOREIGN KEY (`idProduct`) REFERENCES `products` (`productID`) ON DELETE CASCADE ON UPDATE CASCADE
) ENGINE=InnoDB DEFAULT CHARSET=utf8mb4 COLLATE=utf8mb4_0900_ai_ci;
/*!40101 SET character_set_client = @saved_cs_client */;

--
-- Dumping data for table `custom_product_products`
--

LOCK TABLES `custom_product_products` WRITE;
/*!40000 ALTER TABLE `custom_product_products` DISABLE KEYS */;
INSERT INTO `custom_product_products` VALUES (2,7,4),(2,8,3),(3,14,2),(3,15,2),(4,6,1),(4,7,1),(4,8,1),(4,9,1),(5,8,5),(5,12,4),(5,15,8),(5,18,5),(7,11,3),(7,12,2),(7,15,9),(7,16,5),(12,16,4),(12,17,1),(12,18,1),(12,20,1),(13,1,3),(13,4,8),(13,5,8),(13,15,3),(13,16,9),(13,17,7),(14,1,6),(14,4,3),(14,5,2),(14,6,7),(14,9,7),(14,10,7),(17,19,1),(18,19,1),(19,1,1),(19,5,2),(19,19,4);
/*!40000 ALTER TABLE `custom_product_products` ENABLE KEYS */;
UNLOCK TABLES;

--
-- Table structure for table `custom_products`
--

DROP TABLE IF EXISTS `custom_products`;
/*!40101 SET @saved_cs_client     = @@character_set_client */;
/*!50503 SET character_set_client = utf8mb4 */;
CREATE TABLE `custom_products` (
  `id` int NOT NULL AUTO_INCREMENT,
  `productName` varchar(45) NOT NULL,
  `price` double NOT NULL,
  PRIMARY KEY (`id`)
) ENGINE=InnoDB AUTO_INCREMENT=20 DEFAULT CHARSET=utf8mb4 COLLATE=utf8mb4_0900_ai_ci;
/*!40101 SET character_set_client = @saved_cs_client */;

--
-- Dumping data for table `custom_products`
--

LOCK TABLES `custom_products` WRITE;
/*!40000 ALTER TABLE `custom_products` DISABLE KEYS */;
INSERT INTO `custom_products` VALUES (1,'Custom Product 1',0),(2,'Custom Product 1',0),(3,'Custom Product 2',0),(4,'Custom Product 3',0),(5,'Custom Product 2',2605),(6,'Custom Product 1',225),(7,'Custom Product 3',2315),(8,'Custom Product 1',30),(9,'Edited Rose Bouquet - Red',225),(10,'Edited Rose Bouquet - Red',235),(11,'Edited Rose Bouquet - White',215),(12,'Custom Product 1',590),(13,'Custom Product 1',6209),(14,'Custom Product 2',4653),(15,'Custom Product 4',361),(16,'Custom Product 3',585),(17,'Custom Product 1',170),(18,'Custom Product 1',170),(19,'Custom Product 1',1357);
/*!40000 ALTER TABLE `custom_products` ENABLE KEYS */;
UNLOCK TABLES;

--
-- Table structure for table `deliveries`
--

DROP TABLE IF EXISTS `deliveries`;
/*!40101 SET @saved_cs_client     = @@character_set_client */;
/*!50503 SET character_set_client = utf8mb4 */;
CREATE TABLE `deliveries` (
  `idDelivery` int NOT NULL AUTO_INCREMENT,
  `address` varchar(45) DEFAULT NULL,
  `receiverName` varchar(45) DEFAULT NULL,
  `phoneNumber` varchar(10) DEFAULT NULL,
  `deliveryDate` datetime NOT NULL DEFAULT CURRENT_TIMESTAMP,
  `status` varchar(45) NOT NULL DEFAULT 'pending',
  `type` varchar(20) NOT NULL DEFAULT 'pickup' COMMENT 'can be pickup or delivery.',
  `idOrder` int NOT NULL,
  PRIMARY KEY (`idDelivery`),
  KEY `deliveries_ibfk_1_idx` (`idOrder`),
  CONSTRAINT `deliveries_ibfk_1` FOREIGN KEY (`idOrder`) REFERENCES `orders` (`idOrder`) ON DELETE CASCADE ON UPDATE CASCADE
) ENGINE=InnoDB AUTO_INCREMENT=29 DEFAULT CHARSET=utf8mb4 COLLATE=utf8mb4_0900_ai_ci;
/*!40101 SET character_set_client = @saved_cs_client */;

--
-- Dumping data for table `deliveries`
--

LOCK TABLES `deliveries` WRITE;
/*!40000 ALTER TABLE `deliveries` DISABLE KEYS */;
INSERT INTO `deliveries` VALUES (1,'blupblap 24, Kiryat Ata','Oh no','0546353421','2022-05-25 10:30:00','Waiting for Cancellation','pickup',1),(2,'BloopBlap 43, Kiryat Ata','Oh No','0546354432','2022-05-24 14:30:00','Waiting for Cancellation','pickup',2),(3,'BloopBlap 43, Kiryat Ata','Oh No','0546354432','2022-05-24 14:30:00','pending','pickup',3),(4,'BloopBlap 43, Kiryat Ata','Oh No','0546354432','2022-05-24 14:30:00','pending','pickup',4),(5,'BloopBlap 43, Kiryat Ata','Oh No','0546354432','2022-05-24 14:30:00','pending','pickup',5),(6,'BloopBlap 43, Kiryat Ata','Oh No','0546354432','2022-05-24 14:30:00','pending','pickup',6),(7,'BloopBlap 43, Kiryat Ata','Oh No','0546354432','2022-05-24 14:30:00','pending','pickup',7),(8,'BloopBlap 43, Kiryat Ata','Oh No','0546354432','2022-05-30 19:28:52','Waiting for Cancellation','pickup',8),(9,'Brian May 6, Queen\'s Land, United Kingdom','Queen','0534123245','2022-06-01 13:30:00','Delivered','delivery',9),(10,'asvdasdv','asdgasdv','1231231234','2022-06-01 02:09:56','pending','express delivery',14),(11,NULL,NULL,NULL,'2022-06-15 11:30:00','pending','pickup',15),(12,NULL,NULL,NULL,'2022-06-16 10:30:00','pending','pickup',16),(13,NULL,NULL,NULL,'2022-06-22 10:30:00','pending','pickup',17),(14,NULL,NULL,NULL,'2022-06-23 10:45:00','pending','pickup',18),(15,NULL,NULL,NULL,'2022-06-24 10:30:00','pending','pickup',19),(16,NULL,NULL,NULL,'2022-06-29 10:45:00','pending','pickup',20),(17,NULL,NULL,NULL,'2022-07-07 11:45:00','pending','pickup',21),(18,NULL,NULL,NULL,'2022-06-08 09:00:00','Delivered','pickup',22),(19,NULL,NULL,NULL,'2022-06-08 08:15:00','Canceled','pickup',23),(20,NULL,NULL,NULL,'2022-06-29 10:30:00','Awaiting Delivery','pickup',24),(21,'Tirlool 43, Kiryat Ata','Trilili Tralala','0546231435','2022-06-22 10:45:00','pending','delivery',25),(22,'Green Fields St. 75, Paradise City','Slash','0546234123','2022-06-22 16:45:00','pending','delivery',26),(23,'Sunshine Rd. 43, Los Angeles','Pheneas','0534253421','2022-06-16 12:30:00','pending','delivery',27),(24,NULL,NULL,NULL,'2022-06-30 08:00:00','Canceled','pickup',34),(25,'ort braude karmiel','group four','0534567891','2022-06-30 08:00:00','Canceled','delivery',35),(26,NULL,NULL,NULL,'2022-06-30 08:00:00','Canceled','pickup',36),(27,'ort braude karmiel','group four','0534567891','2022-06-30 08:00:00','Canceled','delivery',37),(28,NULL,NULL,NULL,'2022-06-30 15:45:00','Delivered','pickup',38);
/*!40000 ALTER TABLE `deliveries` ENABLE KEYS */;
UNLOCK TABLES;

--
-- Temporary view structure for view `host_summary`
--

DROP TABLE IF EXISTS `host_summary`;
/*!50001 DROP VIEW IF EXISTS `host_summary`*/;
SET @saved_cs_client     = @@character_set_client;
/*!50503 SET character_set_client = utf8mb4 */;
/*!50001 CREATE VIEW `host_summary` AS SELECT 
 1 AS `host`,
 1 AS `statements`,
 1 AS `statement_latency`,
 1 AS `statement_avg_latency`,
 1 AS `table_scans`,
 1 AS `file_ios`,
 1 AS `file_io_latency`,
 1 AS `current_connections`,
 1 AS `total_connections`,
 1 AS `unique_users`,
 1 AS `current_memory`,
 1 AS `total_memory_allocated`*/;
SET character_set_client = @saved_cs_client;

--
-- Temporary view structure for view `host_summary_by_file_io`
--

DROP TABLE IF EXISTS `host_summary_by_file_io`;
/*!50001 DROP VIEW IF EXISTS `host_summary_by_file_io`*/;
SET @saved_cs_client     = @@character_set_client;
/*!50503 SET character_set_client = utf8mb4 */;
/*!50001 CREATE VIEW `host_summary_by_file_io` AS SELECT 
 1 AS `host`,
 1 AS `ios`,
 1 AS `io_latency`*/;
SET character_set_client = @saved_cs_client;

--
-- Temporary view structure for view `host_summary_by_file_io_type`
--

DROP TABLE IF EXISTS `host_summary_by_file_io_type`;
/*!50001 DROP VIEW IF EXISTS `host_summary_by_file_io_type`*/;
SET @saved_cs_client     = @@character_set_client;
/*!50503 SET character_set_client = utf8mb4 */;
/*!50001 CREATE VIEW `host_summary_by_file_io_type` AS SELECT 
 1 AS `host`,
 1 AS `event_name`,
 1 AS `total`,
 1 AS `total_latency`,
 1 AS `max_latency`*/;
SET character_set_client = @saved_cs_client;

--
-- Temporary view structure for view `host_summary_by_stages`
--

DROP TABLE IF EXISTS `host_summary_by_stages`;
/*!50001 DROP VIEW IF EXISTS `host_summary_by_stages`*/;
SET @saved_cs_client     = @@character_set_client;
/*!50503 SET character_set_client = utf8mb4 */;
/*!50001 CREATE VIEW `host_summary_by_stages` AS SELECT 
 1 AS `host`,
 1 AS `event_name`,
 1 AS `total`,
 1 AS `total_latency`,
 1 AS `avg_latency`*/;
SET character_set_client = @saved_cs_client;

--
-- Temporary view structure for view `host_summary_by_statement_type`
--

DROP TABLE IF EXISTS `host_summary_by_statement_type`;
/*!50001 DROP VIEW IF EXISTS `host_summary_by_statement_type`*/;
SET @saved_cs_client     = @@character_set_client;
/*!50503 SET character_set_client = utf8mb4 */;
/*!50001 CREATE VIEW `host_summary_by_statement_type` AS SELECT 
 1 AS `host`,
 1 AS `statement`,
 1 AS `total`,
 1 AS `total_latency`,
 1 AS `max_latency`,
 1 AS `lock_latency`,
 1 AS `cpu_latency`,
 1 AS `rows_sent`,
 1 AS `rows_examined`,
 1 AS `rows_affected`,
 1 AS `full_scans`*/;
SET character_set_client = @saved_cs_client;

--
-- Temporary view structure for view `innodb_buffer_stats_by_schema`
--

DROP TABLE IF EXISTS `innodb_buffer_stats_by_schema`;
/*!50001 DROP VIEW IF EXISTS `innodb_buffer_stats_by_schema`*/;
SET @saved_cs_client     = @@character_set_client;
/*!50503 SET character_set_client = utf8mb4 */;
/*!50001 CREATE VIEW `innodb_buffer_stats_by_schema` AS SELECT 
 1 AS `object_schema`,
 1 AS `allocated`,
 1 AS `data`,
 1 AS `pages`,
 1 AS `pages_hashed`,
 1 AS `pages_old`,
 1 AS `rows_cached`*/;
SET character_set_client = @saved_cs_client;

--
-- Temporary view structure for view `innodb_buffer_stats_by_table`
--

DROP TABLE IF EXISTS `innodb_buffer_stats_by_table`;
/*!50001 DROP VIEW IF EXISTS `innodb_buffer_stats_by_table`*/;
SET @saved_cs_client     = @@character_set_client;
/*!50503 SET character_set_client = utf8mb4 */;
/*!50001 CREATE VIEW `innodb_buffer_stats_by_table` AS SELECT 
 1 AS `object_schema`,
 1 AS `object_name`,
 1 AS `allocated`,
 1 AS `data`,
 1 AS `pages`,
 1 AS `pages_hashed`,
 1 AS `pages_old`,
 1 AS `rows_cached`*/;
SET character_set_client = @saved_cs_client;

--
-- Temporary view structure for view `innodb_lock_waits`
--

DROP TABLE IF EXISTS `innodb_lock_waits`;
/*!50001 DROP VIEW IF EXISTS `innodb_lock_waits`*/;
SET @saved_cs_client     = @@character_set_client;
/*!50503 SET character_set_client = utf8mb4 */;
/*!50001 CREATE VIEW `innodb_lock_waits` AS SELECT 
 1 AS `wait_started`,
 1 AS `wait_age`,
 1 AS `wait_age_secs`,
 1 AS `locked_table`,
 1 AS `locked_table_schema`,
 1 AS `locked_table_name`,
 1 AS `locked_table_partition`,
 1 AS `locked_table_subpartition`,
 1 AS `locked_index`,
 1 AS `locked_type`,
 1 AS `waiting_trx_id`,
 1 AS `waiting_trx_started`,
 1 AS `waiting_trx_age`,
 1 AS `waiting_trx_rows_locked`,
 1 AS `waiting_trx_rows_modified`,
 1 AS `waiting_pid`,
 1 AS `waiting_query`,
 1 AS `waiting_lock_id`,
 1 AS `waiting_lock_mode`,
 1 AS `blocking_trx_id`,
 1 AS `blocking_pid`,
 1 AS `blocking_query`,
 1 AS `blocking_lock_id`,
 1 AS `blocking_lock_mode`,
 1 AS `blocking_trx_started`,
 1 AS `blocking_trx_age`,
 1 AS `blocking_trx_rows_locked`,
 1 AS `blocking_trx_rows_modified`,
 1 AS `sql_kill_blocking_query`,
 1 AS `sql_kill_blocking_connection`*/;
SET character_set_client = @saved_cs_client;

--
-- Temporary view structure for view `io_by_thread_by_latency`
--

DROP TABLE IF EXISTS `io_by_thread_by_latency`;
/*!50001 DROP VIEW IF EXISTS `io_by_thread_by_latency`*/;
SET @saved_cs_client     = @@character_set_client;
/*!50503 SET character_set_client = utf8mb4 */;
/*!50001 CREATE VIEW `io_by_thread_by_latency` AS SELECT 
 1 AS `user`,
 1 AS `total`,
 1 AS `total_latency`,
 1 AS `min_latency`,
 1 AS `avg_latency`,
 1 AS `max_latency`,
 1 AS `thread_id`,
 1 AS `processlist_id`*/;
SET character_set_client = @saved_cs_client;

--
-- Temporary view structure for view `io_global_by_file_by_bytes`
--

DROP TABLE IF EXISTS `io_global_by_file_by_bytes`;
/*!50001 DROP VIEW IF EXISTS `io_global_by_file_by_bytes`*/;
SET @saved_cs_client     = @@character_set_client;
/*!50503 SET character_set_client = utf8mb4 */;
/*!50001 CREATE VIEW `io_global_by_file_by_bytes` AS SELECT 
 1 AS `file`,
 1 AS `count_read`,
 1 AS `total_read`,
 1 AS `avg_read`,
 1 AS `count_write`,
 1 AS `total_written`,
 1 AS `avg_write`,
 1 AS `total`,
 1 AS `write_pct`*/;
SET character_set_client = @saved_cs_client;

--
-- Temporary view structure for view `io_global_by_file_by_latency`
--

DROP TABLE IF EXISTS `io_global_by_file_by_latency`;
/*!50001 DROP VIEW IF EXISTS `io_global_by_file_by_latency`*/;
SET @saved_cs_client     = @@character_set_client;
/*!50503 SET character_set_client = utf8mb4 */;
/*!50001 CREATE VIEW `io_global_by_file_by_latency` AS SELECT 
 1 AS `file`,
 1 AS `total`,
 1 AS `total_latency`,
 1 AS `count_read`,
 1 AS `read_latency`,
 1 AS `count_write`,
 1 AS `write_latency`,
 1 AS `count_misc`,
 1 AS `misc_latency`*/;
SET character_set_client = @saved_cs_client;

--
-- Temporary view structure for view `io_global_by_wait_by_bytes`
--

DROP TABLE IF EXISTS `io_global_by_wait_by_bytes`;
/*!50001 DROP VIEW IF EXISTS `io_global_by_wait_by_bytes`*/;
SET @saved_cs_client     = @@character_set_client;
/*!50503 SET character_set_client = utf8mb4 */;
/*!50001 CREATE VIEW `io_global_by_wait_by_bytes` AS SELECT 
 1 AS `event_name`,
 1 AS `total`,
 1 AS `total_latency`,
 1 AS `min_latency`,
 1 AS `avg_latency`,
 1 AS `max_latency`,
 1 AS `count_read`,
 1 AS `total_read`,
 1 AS `avg_read`,
 1 AS `count_write`,
 1 AS `total_written`,
 1 AS `avg_written`,
 1 AS `total_requested`*/;
SET character_set_client = @saved_cs_client;

--
-- Temporary view structure for view `io_global_by_wait_by_latency`
--

DROP TABLE IF EXISTS `io_global_by_wait_by_latency`;
/*!50001 DROP VIEW IF EXISTS `io_global_by_wait_by_latency`*/;
SET @saved_cs_client     = @@character_set_client;
/*!50503 SET character_set_client = utf8mb4 */;
/*!50001 CREATE VIEW `io_global_by_wait_by_latency` AS SELECT 
 1 AS `event_name`,
 1 AS `total`,
 1 AS `total_latency`,
 1 AS `avg_latency`,
 1 AS `max_latency`,
 1 AS `read_latency`,
 1 AS `write_latency`,
 1 AS `misc_latency`,
 1 AS `count_read`,
 1 AS `total_read`,
 1 AS `avg_read`,
 1 AS `count_write`,
 1 AS `total_written`,
 1 AS `avg_written`*/;
SET character_set_client = @saved_cs_client;

--
-- Table structure for table `items`
--

DROP TABLE IF EXISTS `items`;
/*!40101 SET @saved_cs_client     = @@character_set_client */;
/*!50503 SET character_set_client = utf8mb4 */;
CREATE TABLE `items` (
  `itemID` int NOT NULL AUTO_INCREMENT,
  `itemName` varchar(45) NOT NULL,
  `itemColor` varchar(45) NOT NULL,
  `itemPrice` double NOT NULL,
  `itemType` varchar(45) NOT NULL,
  `imagePath` varchar(100) DEFAULT NULL,
  `discount` double DEFAULT '0',
  PRIMARY KEY (`itemID`)
) ENGINE=InnoDB AUTO_INCREMENT=21 DEFAULT CHARSET=utf8mb4 COLLATE=utf8mb4_0900_ai_ci;
/*!40101 SET character_set_client = @saved_cs_client */;

--
-- Dumping data for table `items`
--

LOCK TABLES `items` WRITE;
/*!40000 ALTER TABLE `items` DISABLE KEYS */;
INSERT INTO `items` VALUES (1,'Daffodil','Yellow',10,'Flower','/resources/productImages/Flower/Daffodil/Daffodil_Yellow.jpg',0),(2,'Rose','Red',15,'Flower','/resources/productImages/Flower/Rose/Rose_Red.jpg',0),(3,'Rose','White',15,'Flower','/resources/productImages/Flower/Rose/Rose_White.jpg',20),(4,'Rose','Pink',15,'Flower','/resources/productImages/Flower/Rose/Rose_Pink.jpg',0),(5,'Gerbera','Yellow',5,'Flower','/resources/productImages/Flower/Gerbera/Gerbera_Yellow.jpg',0),(6,'Gerbera','Red',5,'Flower','/resources/productImages/Flower/Gerbera/Gerbera_Red.jpg',0),(7,'Gerbera','Pink',5,'Flower','/resources/productImages/Flower/Gerbera/Gerbera_Pink.jpg',0),(8,'Gerbera','Blue',5,'Flower','/resources/productImages/Flower/Gerbera/Gerbera_Blue.jpg',30),(9,'Gerbera','Purple',5,'Flower','/resources/productImages/Flower/Gerbera/Gerbera_Purple.jpg',0),(10,'Orchid','Purple',45,'Flower','/resources/productImages/Flower/Orchid/Orchid_Purple.jpg',25),(11,'Orchid','White',45,'Flower','/resources/productImages/Flower/Orchid/Orchid_White.jpg',0),(12,'Orchid','Yellow',45,'Flower','/resources/productImages/Flower/Orchid/Orchid_Yellow.jpg',0),(13,'Orchid','Blue',45,'Flower','/resources/productImages/Flower/Orchid/Orchid_Blue.jpg',0),(14,'Carnation','Red',12,'Flower','/resources/productImages/Flower/Carnation/Carnation_Red.jpg',15),(15,'Carnation','Purple',12,'Flower','/resources/productImages/Flower/Carnation/Carnation_Purple.jpg',0),(16,'Carnation','Pink',12,'Flower','/resources/productImages/Flower/Carnation/Carnation_Pink.jpg',35),(17,'Peony','Pink',6,'Flower','/resources/productImages/Flower/Peony/Peony_Pink.jpg',0),(18,'Lily','White',14,'Flower','/resources/productImages/Flower/Lily/Lily_White.jpg',18),(19,'Lily','Orange',14,'Flower','/resources/productImages/Flower/Lily/Lily_Orange.jpg',0),(20,'Gypsophila','White',3,'Flower','/resources/productImages/Flower/Gypsophila/Gypsophila_White.jpg',0);
/*!40000 ALTER TABLE `items` ENABLE KEYS */;
UNLOCK TABLES;

--
-- Temporary view structure for view `latest_file_io`
--

DROP TABLE IF EXISTS `latest_file_io`;
/*!50001 DROP VIEW IF EXISTS `latest_file_io`*/;
SET @saved_cs_client     = @@character_set_client;
/*!50503 SET character_set_client = utf8mb4 */;
/*!50001 CREATE VIEW `latest_file_io` AS SELECT 
 1 AS `thread`,
 1 AS `file`,
 1 AS `latency`,
 1 AS `operation`,
 1 AS `requested`*/;
SET character_set_client = @saved_cs_client;

--
-- Temporary view structure for view `memory_by_host_by_current_bytes`
--

DROP TABLE IF EXISTS `memory_by_host_by_current_bytes`;
/*!50001 DROP VIEW IF EXISTS `memory_by_host_by_current_bytes`*/;
SET @saved_cs_client     = @@character_set_client;
/*!50503 SET character_set_client = utf8mb4 */;
/*!50001 CREATE VIEW `memory_by_host_by_current_bytes` AS SELECT 
 1 AS `host`,
 1 AS `current_count_used`,
 1 AS `current_allocated`,
 1 AS `current_avg_alloc`,
 1 AS `current_max_alloc`,
 1 AS `total_allocated`*/;
SET character_set_client = @saved_cs_client;

--
-- Temporary view structure for view `memory_by_thread_by_current_bytes`
--

DROP TABLE IF EXISTS `memory_by_thread_by_current_bytes`;
/*!50001 DROP VIEW IF EXISTS `memory_by_thread_by_current_bytes`*/;
SET @saved_cs_client     = @@character_set_client;
/*!50503 SET character_set_client = utf8mb4 */;
/*!50001 CREATE VIEW `memory_by_thread_by_current_bytes` AS SELECT 
 1 AS `thread_id`,
 1 AS `user`,
 1 AS `current_count_used`,
 1 AS `current_allocated`,
 1 AS `current_avg_alloc`,
 1 AS `current_max_alloc`,
 1 AS `total_allocated`*/;
SET character_set_client = @saved_cs_client;

--
-- Temporary view structure for view `memory_by_user_by_current_bytes`
--

DROP TABLE IF EXISTS `memory_by_user_by_current_bytes`;
/*!50001 DROP VIEW IF EXISTS `memory_by_user_by_current_bytes`*/;
SET @saved_cs_client     = @@character_set_client;
/*!50503 SET character_set_client = utf8mb4 */;
/*!50001 CREATE VIEW `memory_by_user_by_current_bytes` AS SELECT 
 1 AS `user`,
 1 AS `current_count_used`,
 1 AS `current_allocated`,
 1 AS `current_avg_alloc`,
 1 AS `current_max_alloc`,
 1 AS `total_allocated`*/;
SET character_set_client = @saved_cs_client;

--
-- Temporary view structure for view `memory_global_by_current_bytes`
--

DROP TABLE IF EXISTS `memory_global_by_current_bytes`;
/*!50001 DROP VIEW IF EXISTS `memory_global_by_current_bytes`*/;
SET @saved_cs_client     = @@character_set_client;
/*!50503 SET character_set_client = utf8mb4 */;
/*!50001 CREATE VIEW `memory_global_by_current_bytes` AS SELECT 
 1 AS `event_name`,
 1 AS `current_count`,
 1 AS `current_alloc`,
 1 AS `current_avg_alloc`,
 1 AS `high_count`,
 1 AS `high_alloc`,
 1 AS `high_avg_alloc`*/;
SET character_set_client = @saved_cs_client;

--
-- Temporary view structure for view `memory_global_total`
--

DROP TABLE IF EXISTS `memory_global_total`;
/*!50001 DROP VIEW IF EXISTS `memory_global_total`*/;
SET @saved_cs_client     = @@character_set_client;
/*!50503 SET character_set_client = utf8mb4 */;
/*!50001 CREATE VIEW `memory_global_total` AS SELECT 
 1 AS `total_allocated`*/;
SET character_set_client = @saved_cs_client;

--
-- Temporary view structure for view `metrics`
--

DROP TABLE IF EXISTS `metrics`;
/*!50001 DROP VIEW IF EXISTS `metrics`*/;
SET @saved_cs_client     = @@character_set_client;
/*!50503 SET character_set_client = utf8mb4 */;
/*!50001 CREATE VIEW `metrics` AS SELECT 
 1 AS `Variable_name`,
 1 AS `Variable_value`,
 1 AS `Type`,
 1 AS `Enabled`*/;
SET character_set_client = @saved_cs_client;

--
-- Table structure for table `notifications`
--

DROP TABLE IF EXISTS `notifications`;
/*!40101 SET @saved_cs_client     = @@character_set_client */;
/*!50503 SET character_set_client = utf8mb4 */;
CREATE TABLE `notifications` (
  `idNotification` int NOT NULL AUTO_INCREMENT,
  `idUser` int NOT NULL,
  `isRead` tinyint NOT NULL DEFAULT '0',
  `title` varchar(256) NOT NULL DEFAULT 'New notification',
  PRIMARY KEY (`idNotification`),
  KEY `user_idx` (`idUser`),
  CONSTRAINT `user` FOREIGN KEY (`idUser`) REFERENCES `users` (`idUser`) ON DELETE CASCADE ON UPDATE CASCADE
) ENGINE=InnoDB AUTO_INCREMENT=32 DEFAULT CHARSET=utf8mb4 COLLATE=utf8mb4_0900_ai_ci;
/*!40101 SET character_set_client = @saved_cs_client */;

--
-- Dumping data for table `notifications`
--

LOCK TABLES `notifications` WRITE;
/*!40000 ALTER TABLE `notifications` DISABLE KEYS */;
INSERT INTO `notifications` VALUES (12,8,1,'Complaint Number: 15 is Due, Please attend it as soon as possible.'),(13,8,1,'Complaint Number: 16 is Due, Please attend it as soon as possible.'),(14,8,0,'Complaint Number: 17 is Due, Please attend it as soon as possible.'),(21,4,1,'Congratulations! Your order with order number 24 has been accepted and is now getting ready for delivery.'),(22,1,0,'Congratulations! Your order with order number 34 has been accepted and is now getting ready for delivery.'),(23,1,0,'We are deeply sorry you didn\'t like your experience with us\nYou will be issued a 183.84 ₪ store credit for your next order.'),(24,1,0,'Congratulations! Your order with order number 35 has been accepted and is now getting ready for delivery.'),(25,1,0,'We are deeply sorry you didn\'t like your experience with us\nYou will be issued a 140 ₪ store credit for your next order.'),(26,1,0,'Congratulations! Your order with order number 36 has been accepted and is now getting ready for delivery.'),(27,1,0,'We are deeply sorry you didn\'t like your experience with us\nYou will be issued a 183.84 ₪ store credit for your next order.'),(28,1,0,'Congratulations! Your order with order number 37 has been accepted and is now getting ready for delivery.'),(29,1,0,'We are deeply sorry you didn\'t like your experience with us\nYou will be issued a 140 ₪ store credit for your next order.'),(30,2,1,'Congratulations! Your order with order number 38 has been accepted and is now getting ready for delivery.'),(31,2,1,'Your order with order number 38 has been delivered!\nThank you for shopping with us, we hope to see you again soon!');
/*!40000 ALTER TABLE `notifications` ENABLE KEYS */;
UNLOCK TABLES;

--
-- Table structure for table `order_custom_products`
--

DROP TABLE IF EXISTS `order_custom_products`;
/*!40101 SET @saved_cs_client     = @@character_set_client */;
/*!50503 SET character_set_client = utf8mb4 */;
CREATE TABLE `order_custom_products` (
  `idOrder` int NOT NULL,
  `idCustomProduct` int NOT NULL,
  `quantity` int NOT NULL DEFAULT '1',
  PRIMARY KEY (`idOrder`,`idCustomProduct`),
  KEY `order_custom_products_ibfk_2_idx` (`idCustomProduct`),
  CONSTRAINT `order_custom_products_ibfk_1` FOREIGN KEY (`idOrder`) REFERENCES `orders` (`idOrder`) ON DELETE CASCADE ON UPDATE CASCADE,
  CONSTRAINT `order_custom_products_ibfk_2` FOREIGN KEY (`idCustomProduct`) REFERENCES `custom_products` (`id`) ON DELETE CASCADE ON UPDATE CASCADE
) ENGINE=InnoDB DEFAULT CHARSET=utf8mb4 COLLATE=utf8mb4_0900_ai_ci;
/*!40101 SET character_set_client = @saved_cs_client */;

--
-- Dumping data for table `order_custom_products`
--

LOCK TABLES `order_custom_products` WRITE;
/*!40000 ALTER TABLE `order_custom_products` DISABLE KEYS */;
INSERT INTO `order_custom_products` VALUES (4,1,1),(5,2,1),(6,3,1),(7,4,1),(9,5,3),(9,6,12),(9,7,3),(16,8,1),(19,9,1),(21,10,1),(22,11,1),(23,12,1),(25,13,13),(25,14,11),(26,15,12),(26,16,15),(35,17,1),(37,18,1),(38,19,1);
/*!40000 ALTER TABLE `order_custom_products` ENABLE KEYS */;
UNLOCK TABLES;

--
-- Table structure for table `order_items`
--

DROP TABLE IF EXISTS `order_items`;
/*!40101 SET @saved_cs_client     = @@character_set_client */;
/*!50503 SET character_set_client = utf8mb4 */;
CREATE TABLE `order_items` (
  `idOrder` int NOT NULL,
  `idItem` int NOT NULL,
  `quantity` int NOT NULL,
  PRIMARY KEY (`idOrder`,`idItem`),
  KEY `FKorder_items2_idx` (`idItem`),
  CONSTRAINT `FKorder_items1` FOREIGN KEY (`idOrder`) REFERENCES `orders` (`idOrder`) ON DELETE CASCADE ON UPDATE CASCADE,
  CONSTRAINT `FKorder_items2` FOREIGN KEY (`idItem`) REFERENCES `items` (`itemID`) ON DELETE CASCADE ON UPDATE CASCADE
) ENGINE=InnoDB DEFAULT CHARSET=utf8mb4 COLLATE=utf8mb4_0900_ai_ci;
/*!40101 SET character_set_client = @saved_cs_client */;

--
-- Dumping data for table `order_items`
--

LOCK TABLES `order_items` WRITE;
/*!40000 ALTER TABLE `order_items` DISABLE KEYS */;
INSERT INTO `order_items` VALUES (1,19,6),(3,1,12),(3,3,2),(3,4,3),(3,5,32),(3,6,512),(3,7,22),(3,9,3),(3,12,1111),(3,13,3),(3,18,1),(3,19,5),(7,1,6),(7,2,1),(7,3,1),(9,11,14),(9,16,2),(25,2,53),(25,3,63),(25,7,34),(25,8,7),(26,13,13),(26,18,21),(26,20,13),(27,2,75),(27,4,23),(27,7,52),(27,11,24),(27,13,45),(27,14,23),(27,19,33),(27,20,44),(34,2,1),(36,2,1),(38,2,5);
/*!40000 ALTER TABLE `order_items` ENABLE KEYS */;
UNLOCK TABLES;

--
-- Table structure for table `order_products`
--

DROP TABLE IF EXISTS `order_products`;
/*!40101 SET @saved_cs_client     = @@character_set_client */;
/*!50503 SET character_set_client = utf8mb4 */;
CREATE TABLE `order_products` (
  `idOrder` int NOT NULL,
  `idProduct` int NOT NULL,
  `quantity` int NOT NULL,
  PRIMARY KEY (`idOrder`,`idProduct`),
  KEY `order_products_ibfk_1_idx` (`idProduct`),
  CONSTRAINT `order_products_ibfk_1` FOREIGN KEY (`idProduct`) REFERENCES `products` (`productID`) ON DELETE CASCADE ON UPDATE CASCADE,
  CONSTRAINT `order_products_ibfk_2` FOREIGN KEY (`idOrder`) REFERENCES `orders` (`idOrder`) ON DELETE CASCADE ON UPDATE CASCADE
) ENGINE=InnoDB DEFAULT CHARSET=utf8mb4 COLLATE=utf8mb4_0900_ai_ci;
/*!40101 SET character_set_client = @saved_cs_client */;

--
-- Dumping data for table `order_products`
--

LOCK TABLES `order_products` WRITE;
/*!40000 ALTER TABLE `order_products` DISABLE KEYS */;
INSERT INTO `order_products` VALUES (1,1,1),(1,2,1),(1,4,1),(1,5,1),(1,8,1),(1,11,1),(1,14,1),(1,18,1),(1,20,1),(2,1,1),(2,2,1),(2,4,1),(2,5,1),(2,8,1),(3,1,2),(3,2,2),(3,3,1),(3,4,2),(3,5,1),(3,7,5),(3,8,2),(3,9,1),(3,12,3),(3,18,4),(4,1,1),(4,2,1),(4,4,1),(4,5,1),(4,6,1),(4,7,1),(5,1,1),(5,2,1),(6,2,1),(6,3,1),(6,4,1),(6,5,1),(7,1,1),(7,2,1),(8,1,1),(8,2,1),(8,4,1),(8,5,1),(9,1,12),(9,2,4),(9,3,5),(9,4,14),(9,6,17),(9,10,15),(9,12,11),(9,13,4),(10,2,1),(11,1,1),(12,1,1),(13,1,1),(14,1,1),(15,2,1),(16,1,1),(16,2,1),(17,1,1),(17,2,1),(18,1,1),(18,2,1),(19,2,1),(20,1,1),(20,2,1),(21,2,1),(21,3,1),(21,4,1),(21,5,1),(21,7,1),(22,1,1),(22,4,1),(22,5,1),(24,1,1),(24,2,1),(24,4,1),(25,1,21),(25,2,16),(25,4,13),(25,5,31),(25,9,81),(25,10,11),(25,11,31),(25,15,72),(25,16,11),(25,19,14),(26,4,13),(26,5,14),(26,6,21),(26,9,21),(26,13,21),(26,17,14),(27,3,11),(27,5,12),(27,6,13),(27,7,11),(27,13,21),(27,17,15),(27,19,13),(34,1,1),(36,1,1),(38,1,1);
/*!40000 ALTER TABLE `order_products` ENABLE KEYS */;
UNLOCK TABLES;

--
-- Table structure for table `orders`
--

DROP TABLE IF EXISTS `orders`;
/*!40101 SET @saved_cs_client     = @@character_set_client */;
/*!50503 SET character_set_client = utf8mb4 */;
CREATE TABLE `orders` (
  `idOrder` int NOT NULL AUTO_INCREMENT,
  `price` double NOT NULL,
  `greetingCard` varchar(256) DEFAULT NULL,
  `dOrder` varchar(256) DEFAULT NULL,
  `date` datetime NOT NULL DEFAULT CURRENT_TIMESTAMP,
  `idBranch` int NOT NULL,
  `status` varchar(45) NOT NULL,
  `paymentMethod` varchar(15) NOT NULL,
  `idUser` int NOT NULL,
  `lastModified` datetime NOT NULL DEFAULT CURRENT_TIMESTAMP,
  `refund` double DEFAULT '0',
  PRIMARY KEY (`idOrder`),
  KEY `orders_ibfk_1_idx` (`idBranch`),
  KEY `orders_ibfk_2_idx` (`idUser`),
  CONSTRAINT `orders_ibfk_1` FOREIGN KEY (`idBranch`) REFERENCES `branches` (`idBranch`) ON DELETE CASCADE ON UPDATE CASCADE,
  CONSTRAINT `orders_ibfk_2` FOREIGN KEY (`idUser`) REFERENCES `users` (`idUser`) ON DELETE CASCADE ON UPDATE CASCADE
) ENGINE=InnoDB AUTO_INCREMENT=39 DEFAULT CHARSET=utf8mb4 COLLATE=utf8mb4_0900_ai_ci;
/*!40101 SET character_set_client = @saved_cs_client */;

--
-- Dumping data for table `orders`
--

LOCK TABLES `orders` WRITE;
/*!40000 ALTER TABLE `orders` DISABLE KEYS */;
INSERT INTO `orders` VALUES (1,3684,'Title: Oh no!, From: Oh no, To: Oh no, GreetingCard: Oh no! Oh no! Oh no no no no no!','','2022-05-14 19:14:24',1,'Waiting for Cancellation','credit card',1,'2022-05-30 13:30:14',0),(2,3111,'','','2022-05-14 19:19:09',1,'Waiting for Cancellation','credit card',1,'2022-05-30 13:30:00',0),(3,56394,'Title: Oh No!, From: Oh no, To: Oh no, GreetingCard: Oh no! Oh no! Oh no no no no no!','','2022-05-14 19:25:25',1,'Waiting for Approval','credit card',1,'2022-05-25 22:04:48',0),(4,1185,'','','2022-05-22 12:10:23',1,'Waiting for Approval','credit card',2,'2022-05-25 22:04:48',0),(5,1040,'','','2022-05-22 12:22:53',2,'Waiting for Approval','credit card',2,'2022-05-25 22:04:48',0),(6,1572,'','','2022-05-22 20:27:57',2,'Waiting for Approval','credit card',2,'2022-05-25 22:04:48',0),(7,840,'','','2022-05-22 20:32:39',3,'Waiting for Approval','credit card',2,'2022-05-25 22:04:48',0),(8,801,'','','2022-05-30 14:28:52',1,'Waiting for Cancellation','credit card',1,'2022-05-30 17:44:30',0),(9,27738.8,'','','2022-05-31 19:17:46',1,'Delivered','credit card',1,'2022-05-31 19:28:13',0),(10,230,'Title: asdfgasdg, From: sddfagasdfg, To: dsfgasdfgsdfg, Greeting Card: \n','','2022-05-31 22:22:13',2,'Waiting for Approval','credit card',1,'2022-05-31 22:22:13',0),(11,231,'Title: sdfbsdfb, From: q, To: asdfasdfasdf, Greeting Card: asdfasdf\nasdfasdfljkansdflkn\nalkvnlaskndvlaknsdv\n\n\n\nasdklfmnasldkfnlaskndfl	','','2022-05-31 22:23:45',2,'Waiting for Approval','credit card',1,'2022-05-31 22:23:45',0),(12,231,'','','2022-05-31 22:52:15',2,'Waiting for Approval','credit card',1,'2022-05-31 22:52:15',0),(13,231,'Title: asldkjvvhaksdvjvhv, From: kljbasdvljbasdlvk, To: kljbasdklvvjbvbkljb, Greeting Card: kbslvlkasjbdvkljbasdlkvjbasldkvjb','','2022-05-31 23:04:51',1,'Waiting for Approval','credit card',1,'2022-05-31 23:04:51',0),(14,231,'Title: asldkjvvhaksdvjvhv, From: kljbasdvljbasdlvk, To: kljbasdklvvjbvbkljb, Greeting Card: kbslvlkasjbdvkljbasdlkvjbasldkvjb','','2022-05-31 23:09:55',1,'Waiting for Approval','credit card',1,'2022-05-31 23:09:55',0),(15,200,'','argargasdgrawg','2022-06-01 01:38:55',2,'Waiting for Approval','credit card',1,'2022-06-01 01:38:55',0),(16,395.84000000000003,'','','2022-06-06 23:24:51',2,'Waiting for Approval','credit card',1,'2022-06-06 23:24:51',0),(17,368.84000000000003,'','','2022-06-06 23:29:19',2,'Waiting for Approval','credit card',1,'2022-06-06 23:29:19',0),(18,368.84000000000003,'','','2022-06-06 23:32:19',2,'Waiting for Approval','credit card',1,'2022-06-06 23:32:19',0),(19,422,'','','2022-06-07 00:42:27',3,'Waiting for Approval','credit card',1,'2022-06-07 00:42:27',0),(20,368.84000000000003,'','','2022-06-07 01:06:53',3,'Waiting for Approval','credit card',1,'2022-06-07 01:06:53',0),(21,1067,'','','2022-06-07 09:59:13',3,'Waiting for Approval','credit card',4,'2022-06-07 09:59:13',0),(22,704.84,'','','2022-06-07 09:59:15',1,'Delivered','credit card',6,'2022-06-07 10:00:22',0),(23,590,'','Amazing','2022-06-07 10:01:12',1,'Canceled','credit card',6,'2022-06-07 10:01:12',590),(24,568.84,'','','2022-06-07 10:02:12',1,'Approved','credit card',4,'2022-06-07 10:02:12',0),(25,160716.34,'From: Trilili, To: Tralala, Greeting Card: LA LA LA LA LAAA','Bring some beers, please.','2022-05-07 09:44:56',1,'Delivered','credit card',1,'2022-06-07 09:44:56',0),(26,25324.03,'From: Axel Rose, To: Slash, Greeting Card: Take me down to the paradise city','Dance when you deliver!','2022-04-07 09:49:41',1,'Delivered','credit card',1,'2022-06-07 09:49:41',0),(27,17523.6,'From: Billie Eilish, To: Pheneas, Greeting Card: Fool me once, fool me twice','','2022-06-07 09:56:53',1,'Delivered','credit card',1,'2022-06-07 09:56:53',0),(34,183.84,'From: group four, To: sergei, Greeting Card: testing is fun','','2022-06-09 23:22:44',1,'Canceled','credit card',1,'2022-06-09 23:23:08',183.84),(35,140,'From: group four, To: sergei, Greeting Card: testing is fun','','2022-06-09 23:24:55',1,'Canceled','credit card',1,'2022-06-09 23:25:21',140),(36,183.84,'From: group four, To: sergei, Greeting Card: testing is fun','','2022-06-10 00:12:20',1,'Canceled','credit card',1,'2022-06-10 00:12:42',183.84),(37,140,'From: group four, To: sergei, Greeting Card: testing is fun','','2022-06-10 00:14:27',1,'Canceled','credit card',1,'2022-06-10 00:14:53',140),(38,1287.08,'From: yana, To: linkedIn, Greeting Card: this project was fun','','2022-06-15 15:42:09',1,'Delivered','credit card',2,'2022-06-15 15:43:10',0);
/*!40000 ALTER TABLE `orders` ENABLE KEYS */;
UNLOCK TABLES;

--
-- Temporary view structure for view `processlist`
--

DROP TABLE IF EXISTS `processlist`;
/*!50001 DROP VIEW IF EXISTS `processlist`*/;
SET @saved_cs_client     = @@character_set_client;
/*!50503 SET character_set_client = utf8mb4 */;
/*!50001 CREATE VIEW `processlist` AS SELECT 
 1 AS `thd_id`,
 1 AS `conn_id`,
 1 AS `user`,
 1 AS `db`,
 1 AS `command`,
 1 AS `state`,
 1 AS `time`,
 1 AS `current_statement`,
 1 AS `statement_latency`,
 1 AS `progress`,
 1 AS `lock_latency`,
 1 AS `cpu_latency`,
 1 AS `rows_examined`,
 1 AS `rows_sent`,
 1 AS `rows_affected`,
 1 AS `tmp_tables`,
 1 AS `tmp_disk_tables`,
 1 AS `full_scan`,
 1 AS `last_statement`,
 1 AS `last_statement_latency`,
 1 AS `current_memory`,
 1 AS `last_wait`,
 1 AS `last_wait_latency`,
 1 AS `source`,
 1 AS `trx_latency`,
 1 AS `trx_state`,
 1 AS `trx_autocommit`,
 1 AS `pid`,
 1 AS `program_name`*/;
SET character_set_client = @saved_cs_client;

--
-- Table structure for table `product_items`
--

DROP TABLE IF EXISTS `product_items`;
/*!40101 SET @saved_cs_client     = @@character_set_client */;
/*!50503 SET character_set_client = utf8mb4 */;
CREATE TABLE `product_items` (
  `idItem` int NOT NULL,
  `idProduct` int NOT NULL,
  `quantity` int DEFAULT NULL,
  PRIMARY KEY (`idItem`,`idProduct`),
  KEY `product_items_ibfk_2_idx` (`idProduct`),
  CONSTRAINT `product_items_ibfk_1` FOREIGN KEY (`idItem`) REFERENCES `items` (`itemID`) ON DELETE CASCADE ON UPDATE CASCADE,
  CONSTRAINT `product_items_ibfk_2` FOREIGN KEY (`idProduct`) REFERENCES `products` (`productID`) ON DELETE CASCADE ON UPDATE CASCADE
) ENGINE=InnoDB DEFAULT CHARSET=utf8mb4 COLLATE=utf8mb4_0900_ai_ci;
/*!40101 SET character_set_client = @saved_cs_client */;

--
-- Dumping data for table `product_items`
--

LOCK TABLES `product_items` WRITE;
/*!40000 ALTER TABLE `product_items` DISABLE KEYS */;
INSERT INTO `product_items` VALUES (2,1,13),(2,4,3),(3,2,13),(3,4,5),(3,5,7),(4,3,13),(4,4,5),(4,5,6),(5,6,15),(5,9,3),(6,8,15),(6,9,3),(7,7,15),(7,9,3),(8,9,4),(9,9,4),(10,19,3),(11,17,3),(12,20,3),(13,18,3),(14,10,9),(14,13,3),(15,12,9),(15,13,3),(16,11,9),(16,13,3),(18,14,9),(19,15,9),(20,16,11);
/*!40000 ALTER TABLE `product_items` ENABLE KEYS */;
UNLOCK TABLES;

--
-- Table structure for table `products`
--

DROP TABLE IF EXISTS `products`;
/*!40101 SET @saved_cs_client     = @@character_set_client */;
/*!50503 SET character_set_client = utf8mb4 */;
CREATE TABLE `products` (
  `productID` int NOT NULL AUTO_INCREMENT,
  `productName` varchar(45) DEFAULT NULL,
  `flowerType` varchar(45) DEFAULT NULL,
  `productColor` varchar(45) DEFAULT NULL,
  `productPrice` double DEFAULT NULL,
  `productType` varchar(45) DEFAULT NULL,
  `productDescription` varchar(100) DEFAULT NULL,
  `imagePath` varchar(100) DEFAULT NULL,
  `discount` double DEFAULT '0',
  PRIMARY KEY (`productID`)
) ENGINE=InnoDB AUTO_INCREMENT=21 DEFAULT CHARSET=utf8mb4 COLLATE=utf8mb4_0900_ai_ci;
/*!40101 SET character_set_client = @saved_cs_client */;

--
-- Dumping data for table `products`
--

LOCK TABLES `products` WRITE;
/*!40000 ALTER TABLE `products` DISABLE KEYS */;
INSERT INTO `products` VALUES (1,'Rose Bouquet - Red','Rose','Red',201,'Bouquet','A beatiful bouquet of Red Roses.','/resources/productImages/Bouquet/Rose/Rose_Red.jpg',16),(2,'Rose Bouquet - White','Rose','White',200,'Bouquet','A beatiful bouquet of White Roses.','/resources/productImages/Bouquet/Rose/Rose_White.jpg',0),(3,'Rose Bouquet - Pink','Rose','Pink',200,'Bouquet','A beatiful bouquet of Pink Roses.','/resources/productImages/Bouquet/Rose/Rose_Pink.jpg',0),(4,'Rose Bouquet - White, Red, Pink','Rose','White, Red, Pink',200,'Bouquet','A beatiful bouquet combining multiple colors of Roses.','/resources/productImages/Bouquet/Rose/Rose_White, Red, Pink.jpg',0),(5,'Rose Bouquet - White, Pink','Rose','White, Pink',200,'Bouquet','A beatiful bouquet combining White and Pink Roses.','/resources/productImages/Bouquet/Rose/Rose_White, Pink.jpg',20),(6,'Gerbera Bouquet - Yellow','Gerbera','Yellow',75,'Bouquet','A beatiful bouquet of Yellow Gerberas.','/resources/productImages/Bouquet/Gerbera/Gerbera_Yellow.jpg',0),(7,'Gerbera Bouquet - Pink','Gerbera','Pink',75,'Bouquet','A beatiful bouquet of Pink Gerberas.','/resources/productImages/Bouquet/Gerbera/Gerbera_Pink.jpg',0),(8,'Gerbera Bouquet - Red','Gerbera','Red',75,'Bouquet','A beatiful bouquet of Red Gerberas.','/resources/productImages/Bouquet/Gerbera/Gerbera_Red.jpg',0),(9,'Gerbera Bouquet - Mixed','Gerbera','Mixed',85,'Bouquet','A beatiful bouquet of multiple colors of Gerberas.','/resources/productImages/Bouquet/Gerbera/Gerbera_Mixed.jpg',0),(10,'Carnation Bouquet - Red','Carnation','Red',110,'Bouquet','A beatiful bouquet of Red Carnations.','/resources/productImages/Bouquet/Carnation/Carnation_Red.jpg',0),(11,'Carnation Bouquet - Pink','Carnation','Pink',110,'Bouquet','A beatiful bouquet of Pink Carnations.','/resources/productImages/Bouquet/Carnation/Carnation_Pink.jpg',40),(12,'Carnation Bouquet - Purple','Carnation','Purple',110,'Bouquet','A beatiful bouquet of Purple Carnations.','/resources/productImages/Bouquet/Carnation/Carnation_Purple.jpg',0),(13,'Carnation Bouquet - Mixed','Carnation','Mixed',110,'Bouquet','A beatiful bouquet of multiple colors of Carnation.','/resources/productImages/Bouquet/Carnation/Carnation_Mixed.jpg',0),(14,'Lily Bouquet - White','Lily','White',130,'Bouquet','A beatiful bouquet of white Lilies.','/resources/productImages/Bouquet/Lily/Lily_White.jpg',0),(15,'Lily Bouquet - Orange','Lily','Orange',130,'Bouquet','A beatiful bouquet of orange Lilies.','/resources/productImages/Bouquet/Lily/Lily_Orange.jpg',0),(16,'Gypsophila Bouquet - White','Gypsophila','White',35,'Bouquet','A beatiful bouquet of white Gypsophilas.','/resources/productImages/Bouquet/Gypsophila/Gypsophila_White.jpg',0),(17,'Orchid Plant - White','Orchid','White',150,'Plant','A gorgeous plant of White Orchids','/resources/productImages/Plant/Orchid/Orchid_White.jpg',0),(18,'Orchid Plant - Blue','Orchid','Blue',150,'Plant','A gorgeous plant of Blue Orchids','/resources/productImages/Plant/Orchid/Orchid_Blue.jpg',0),(19,'Orchid Plant - Purple','Orchid','Purple',150,'Plant','A gorgeous plant of Purple Orchids','/resources/productImages/Plant/Orchid/Orchid_Purple.jpg',30),(20,'Orchid Plant - Yellow','Orchid','Yellow',150,'Plant','A gorgeous plant of Yellow Orchids','/resources/productImages/Plant/Orchid/Orchid_Yellow.jpg',0);
/*!40000 ALTER TABLE `products` ENABLE KEYS */;
UNLOCK TABLES;

--
-- Temporary view structure for view `ps_check_lost_instrumentation`
--

DROP TABLE IF EXISTS `ps_check_lost_instrumentation`;
/*!50001 DROP VIEW IF EXISTS `ps_check_lost_instrumentation`*/;
SET @saved_cs_client     = @@character_set_client;
/*!50503 SET character_set_client = utf8mb4 */;
/*!50001 CREATE VIEW `ps_check_lost_instrumentation` AS SELECT 
 1 AS `variable_name`,
 1 AS `variable_value`*/;
SET character_set_client = @saved_cs_client;

--
-- Table structure for table `reports`
--

DROP TABLE IF EXISTS `reports`;
/*!40101 SET @saved_cs_client     = @@character_set_client */;
/*!50503 SET character_set_client = utf8mb4 */;
CREATE TABLE `reports` (
  `idReports` int NOT NULL AUTO_INCREMENT,
  `type` varchar(45) NOT NULL,
  `date` datetime NOT NULL DEFAULT CURRENT_TIMESTAMP,
  `idBranch` int NOT NULL,
  PRIMARY KEY (`idReports`),
  KEY `reports_ibfk_1_idx` (`idBranch`),
  CONSTRAINT `reports_ibfk_1` FOREIGN KEY (`idBranch`) REFERENCES `branches` (`idBranch`) ON DELETE CASCADE ON UPDATE CASCADE
) ENGINE=InnoDB AUTO_INCREMENT=8 DEFAULT CHARSET=utf8mb4 COLLATE=utf8mb4_0900_ai_ci;
/*!40101 SET character_set_client = @saved_cs_client */;

--
-- Dumping data for table `reports`
--

LOCK TABLES `reports` WRITE;
/*!40000 ALTER TABLE `reports` DISABLE KEYS */;
INSERT INTO `reports` VALUES (1,'income','2022-04-30 00:00:00',1),(2,'orders','2022-04-30 00:00:00',1),(3,'income','2022-03-30 00:00:00',1),(4,'orders','2022-03-30 00:00:00',1),(5,'complaints','2022-05-30 00:00:00',1),(6,'complaints','2022-06-30 00:00:00',1),(7,'income histogram','2022-06-30 00:00:00',1);
/*!40000 ALTER TABLE `reports` ENABLE KEYS */;
UNLOCK TABLES;

--
-- Temporary view structure for view `schema_auto_increment_columns`
--

DROP TABLE IF EXISTS `schema_auto_increment_columns`;
/*!50001 DROP VIEW IF EXISTS `schema_auto_increment_columns`*/;
SET @saved_cs_client     = @@character_set_client;
/*!50503 SET character_set_client = utf8mb4 */;
/*!50001 CREATE VIEW `schema_auto_increment_columns` AS SELECT 
 1 AS `table_schema`,
 1 AS `table_name`,
 1 AS `column_name`,
 1 AS `data_type`,
 1 AS `column_type`,
 1 AS `is_signed`,
 1 AS `is_unsigned`,
 1 AS `max_value`,
 1 AS `auto_increment`,
 1 AS `auto_increment_ratio`*/;
SET character_set_client = @saved_cs_client;

--
-- Temporary view structure for view `schema_index_statistics`
--

DROP TABLE IF EXISTS `schema_index_statistics`;
/*!50001 DROP VIEW IF EXISTS `schema_index_statistics`*/;
SET @saved_cs_client     = @@character_set_client;
/*!50503 SET character_set_client = utf8mb4 */;
/*!50001 CREATE VIEW `schema_index_statistics` AS SELECT 
 1 AS `table_schema`,
 1 AS `table_name`,
 1 AS `index_name`,
 1 AS `rows_selected`,
 1 AS `select_latency`,
 1 AS `rows_inserted`,
 1 AS `insert_latency`,
 1 AS `rows_updated`,
 1 AS `update_latency`,
 1 AS `rows_deleted`,
 1 AS `delete_latency`*/;
SET character_set_client = @saved_cs_client;

--
-- Temporary view structure for view `schema_object_overview`
--

DROP TABLE IF EXISTS `schema_object_overview`;
/*!50001 DROP VIEW IF EXISTS `schema_object_overview`*/;
SET @saved_cs_client     = @@character_set_client;
/*!50503 SET character_set_client = utf8mb4 */;
/*!50001 CREATE VIEW `schema_object_overview` AS SELECT 
 1 AS `db`,
 1 AS `object_type`,
 1 AS `count`*/;
SET character_set_client = @saved_cs_client;

--
-- Temporary view structure for view `schema_redundant_indexes`
--

DROP TABLE IF EXISTS `schema_redundant_indexes`;
/*!50001 DROP VIEW IF EXISTS `schema_redundant_indexes`*/;
SET @saved_cs_client     = @@character_set_client;
/*!50503 SET character_set_client = utf8mb4 */;
/*!50001 CREATE VIEW `schema_redundant_indexes` AS SELECT 
 1 AS `table_schema`,
 1 AS `table_name`,
 1 AS `redundant_index_name`,
 1 AS `redundant_index_columns`,
 1 AS `redundant_index_non_unique`,
 1 AS `dominant_index_name`,
 1 AS `dominant_index_columns`,
 1 AS `dominant_index_non_unique`,
 1 AS `subpart_exists`,
 1 AS `sql_drop_index`*/;
SET character_set_client = @saved_cs_client;

--
-- Temporary view structure for view `schema_table_lock_waits`
--

DROP TABLE IF EXISTS `schema_table_lock_waits`;
/*!50001 DROP VIEW IF EXISTS `schema_table_lock_waits`*/;
SET @saved_cs_client     = @@character_set_client;
/*!50503 SET character_set_client = utf8mb4 */;
/*!50001 CREATE VIEW `schema_table_lock_waits` AS SELECT 
 1 AS `object_schema`,
 1 AS `object_name`,
 1 AS `waiting_thread_id`,
 1 AS `waiting_pid`,
 1 AS `waiting_account`,
 1 AS `waiting_lock_type`,
 1 AS `waiting_lock_duration`,
 1 AS `waiting_query`,
 1 AS `waiting_query_secs`,
 1 AS `waiting_query_rows_affected`,
 1 AS `waiting_query_rows_examined`,
 1 AS `blocking_thread_id`,
 1 AS `blocking_pid`,
 1 AS `blocking_account`,
 1 AS `blocking_lock_type`,
 1 AS `blocking_lock_duration`,
 1 AS `sql_kill_blocking_query`,
 1 AS `sql_kill_blocking_connection`*/;
SET character_set_client = @saved_cs_client;

--
-- Temporary view structure for view `schema_table_statistics`
--

DROP TABLE IF EXISTS `schema_table_statistics`;
/*!50001 DROP VIEW IF EXISTS `schema_table_statistics`*/;
SET @saved_cs_client     = @@character_set_client;
/*!50503 SET character_set_client = utf8mb4 */;
/*!50001 CREATE VIEW `schema_table_statistics` AS SELECT 
 1 AS `table_schema`,
 1 AS `table_name`,
 1 AS `total_latency`,
 1 AS `rows_fetched`,
 1 AS `fetch_latency`,
 1 AS `rows_inserted`,
 1 AS `insert_latency`,
 1 AS `rows_updated`,
 1 AS `update_latency`,
 1 AS `rows_deleted`,
 1 AS `delete_latency`,
 1 AS `io_read_requests`,
 1 AS `io_read`,
 1 AS `io_read_latency`,
 1 AS `io_write_requests`,
 1 AS `io_write`,
 1 AS `io_write_latency`,
 1 AS `io_misc_requests`,
 1 AS `io_misc_latency`*/;
SET character_set_client = @saved_cs_client;

--
-- Temporary view structure for view `schema_table_statistics_with_buffer`
--

DROP TABLE IF EXISTS `schema_table_statistics_with_buffer`;
/*!50001 DROP VIEW IF EXISTS `schema_table_statistics_with_buffer`*/;
SET @saved_cs_client     = @@character_set_client;
/*!50503 SET character_set_client = utf8mb4 */;
/*!50001 CREATE VIEW `schema_table_statistics_with_buffer` AS SELECT 
 1 AS `table_schema`,
 1 AS `table_name`,
 1 AS `rows_fetched`,
 1 AS `fetch_latency`,
 1 AS `rows_inserted`,
 1 AS `insert_latency`,
 1 AS `rows_updated`,
 1 AS `update_latency`,
 1 AS `rows_deleted`,
 1 AS `delete_latency`,
 1 AS `io_read_requests`,
 1 AS `io_read`,
 1 AS `io_read_latency`,
 1 AS `io_write_requests`,
 1 AS `io_write`,
 1 AS `io_write_latency`,
 1 AS `io_misc_requests`,
 1 AS `io_misc_latency`,
 1 AS `innodb_buffer_allocated`,
 1 AS `innodb_buffer_data`,
 1 AS `innodb_buffer_free`,
 1 AS `innodb_buffer_pages`,
 1 AS `innodb_buffer_pages_hashed`,
 1 AS `innodb_buffer_pages_old`,
 1 AS `innodb_buffer_rows_cached`*/;
SET character_set_client = @saved_cs_client;

--
-- Temporary view structure for view `schema_tables_with_full_table_scans`
--

DROP TABLE IF EXISTS `schema_tables_with_full_table_scans`;
/*!50001 DROP VIEW IF EXISTS `schema_tables_with_full_table_scans`*/;
SET @saved_cs_client     = @@character_set_client;
/*!50503 SET character_set_client = utf8mb4 */;
/*!50001 CREATE VIEW `schema_tables_with_full_table_scans` AS SELECT 
 1 AS `object_schema`,
 1 AS `object_name`,
 1 AS `rows_full_scanned`,
 1 AS `latency`*/;
SET character_set_client = @saved_cs_client;

--
-- Temporary view structure for view `schema_unused_indexes`
--

DROP TABLE IF EXISTS `schema_unused_indexes`;
/*!50001 DROP VIEW IF EXISTS `schema_unused_indexes`*/;
SET @saved_cs_client     = @@character_set_client;
/*!50503 SET character_set_client = utf8mb4 */;
/*!50001 CREATE VIEW `schema_unused_indexes` AS SELECT 
 1 AS `object_schema`,
 1 AS `object_name`,
 1 AS `index_name`*/;
SET character_set_client = @saved_cs_client;

--
-- Temporary view structure for view `session`
--

DROP TABLE IF EXISTS `session`;
/*!50001 DROP VIEW IF EXISTS `session`*/;
SET @saved_cs_client     = @@character_set_client;
/*!50503 SET character_set_client = utf8mb4 */;
/*!50001 CREATE VIEW `session` AS SELECT 
 1 AS `thd_id`,
 1 AS `conn_id`,
 1 AS `user`,
 1 AS `db`,
 1 AS `command`,
 1 AS `state`,
 1 AS `time`,
 1 AS `current_statement`,
 1 AS `statement_latency`,
 1 AS `progress`,
 1 AS `lock_latency`,
 1 AS `cpu_latency`,
 1 AS `rows_examined`,
 1 AS `rows_sent`,
 1 AS `rows_affected`,
 1 AS `tmp_tables`,
 1 AS `tmp_disk_tables`,
 1 AS `full_scan`,
 1 AS `last_statement`,
 1 AS `last_statement_latency`,
 1 AS `current_memory`,
 1 AS `last_wait`,
 1 AS `last_wait_latency`,
 1 AS `source`,
 1 AS `trx_latency`,
 1 AS `trx_state`,
 1 AS `trx_autocommit`,
 1 AS `pid`,
 1 AS `program_name`*/;
SET character_set_client = @saved_cs_client;

--
-- Temporary view structure for view `session_ssl_status`
--

DROP TABLE IF EXISTS `session_ssl_status`;
/*!50001 DROP VIEW IF EXISTS `session_ssl_status`*/;
SET @saved_cs_client     = @@character_set_client;
/*!50503 SET character_set_client = utf8mb4 */;
/*!50001 CREATE VIEW `session_ssl_status` AS SELECT 
 1 AS `thread_id`,
 1 AS `ssl_version`,
 1 AS `ssl_cipher`,
 1 AS `ssl_sessions_reused`*/;
SET character_set_client = @saved_cs_client;

--
-- Temporary view structure for view `statement_analysis`
--

DROP TABLE IF EXISTS `statement_analysis`;
/*!50001 DROP VIEW IF EXISTS `statement_analysis`*/;
SET @saved_cs_client     = @@character_set_client;
/*!50503 SET character_set_client = utf8mb4 */;
/*!50001 CREATE VIEW `statement_analysis` AS SELECT 
 1 AS `query`,
 1 AS `db`,
 1 AS `full_scan`,
 1 AS `exec_count`,
 1 AS `err_count`,
 1 AS `warn_count`,
 1 AS `total_latency`,
 1 AS `max_latency`,
 1 AS `avg_latency`,
 1 AS `lock_latency`,
 1 AS `cpu_latency`,
 1 AS `rows_sent`,
 1 AS `rows_sent_avg`,
 1 AS `rows_examined`,
 1 AS `rows_examined_avg`,
 1 AS `rows_affected`,
 1 AS `rows_affected_avg`,
 1 AS `tmp_tables`,
 1 AS `tmp_disk_tables`,
 1 AS `rows_sorted`,
 1 AS `sort_merge_passes`,
 1 AS `digest`,
 1 AS `first_seen`,
 1 AS `last_seen`*/;
SET character_set_client = @saved_cs_client;

--
-- Temporary view structure for view `statements_with_errors_or_warnings`
--

DROP TABLE IF EXISTS `statements_with_errors_or_warnings`;
/*!50001 DROP VIEW IF EXISTS `statements_with_errors_or_warnings`*/;
SET @saved_cs_client     = @@character_set_client;
/*!50503 SET character_set_client = utf8mb4 */;
/*!50001 CREATE VIEW `statements_with_errors_or_warnings` AS SELECT 
 1 AS `query`,
 1 AS `db`,
 1 AS `exec_count`,
 1 AS `errors`,
 1 AS `error_pct`,
 1 AS `warnings`,
 1 AS `warning_pct`,
 1 AS `first_seen`,
 1 AS `last_seen`,
 1 AS `digest`*/;
SET character_set_client = @saved_cs_client;

--
-- Temporary view structure for view `statements_with_full_table_scans`
--

DROP TABLE IF EXISTS `statements_with_full_table_scans`;
/*!50001 DROP VIEW IF EXISTS `statements_with_full_table_scans`*/;
SET @saved_cs_client     = @@character_set_client;
/*!50503 SET character_set_client = utf8mb4 */;
/*!50001 CREATE VIEW `statements_with_full_table_scans` AS SELECT 
 1 AS `query`,
 1 AS `db`,
 1 AS `exec_count`,
 1 AS `total_latency`,
 1 AS `no_index_used_count`,
 1 AS `no_good_index_used_count`,
 1 AS `no_index_used_pct`,
 1 AS `rows_sent`,
 1 AS `rows_examined`,
 1 AS `rows_sent_avg`,
 1 AS `rows_examined_avg`,
 1 AS `first_seen`,
 1 AS `last_seen`,
 1 AS `digest`*/;
SET character_set_client = @saved_cs_client;

--
-- Temporary view structure for view `statements_with_runtimes_in_95th_percentile`
--

DROP TABLE IF EXISTS `statements_with_runtimes_in_95th_percentile`;
/*!50001 DROP VIEW IF EXISTS `statements_with_runtimes_in_95th_percentile`*/;
SET @saved_cs_client     = @@character_set_client;
/*!50503 SET character_set_client = utf8mb4 */;
/*!50001 CREATE VIEW `statements_with_runtimes_in_95th_percentile` AS SELECT 
 1 AS `query`,
 1 AS `db`,
 1 AS `full_scan`,
 1 AS `exec_count`,
 1 AS `err_count`,
 1 AS `warn_count`,
 1 AS `total_latency`,
 1 AS `max_latency`,
 1 AS `avg_latency`,
 1 AS `rows_sent`,
 1 AS `rows_sent_avg`,
 1 AS `rows_examined`,
 1 AS `rows_examined_avg`,
 1 AS `first_seen`,
 1 AS `last_seen`,
 1 AS `digest`*/;
SET character_set_client = @saved_cs_client;

--
-- Temporary view structure for view `statements_with_sorting`
--

DROP TABLE IF EXISTS `statements_with_sorting`;
/*!50001 DROP VIEW IF EXISTS `statements_with_sorting`*/;
SET @saved_cs_client     = @@character_set_client;
/*!50503 SET character_set_client = utf8mb4 */;
/*!50001 CREATE VIEW `statements_with_sorting` AS SELECT 
 1 AS `query`,
 1 AS `db`,
 1 AS `exec_count`,
 1 AS `total_latency`,
 1 AS `sort_merge_passes`,
 1 AS `avg_sort_merges`,
 1 AS `sorts_using_scans`,
 1 AS `sort_using_range`,
 1 AS `rows_sorted`,
 1 AS `avg_rows_sorted`,
 1 AS `first_seen`,
 1 AS `last_seen`,
 1 AS `digest`*/;
SET character_set_client = @saved_cs_client;

--
-- Temporary view structure for view `statements_with_temp_tables`
--

DROP TABLE IF EXISTS `statements_with_temp_tables`;
/*!50001 DROP VIEW IF EXISTS `statements_with_temp_tables`*/;
SET @saved_cs_client     = @@character_set_client;
/*!50503 SET character_set_client = utf8mb4 */;
/*!50001 CREATE VIEW `statements_with_temp_tables` AS SELECT 
 1 AS `query`,
 1 AS `db`,
 1 AS `exec_count`,
 1 AS `total_latency`,
 1 AS `memory_tmp_tables`,
 1 AS `disk_tmp_tables`,
 1 AS `avg_tmp_tables_per_query`,
 1 AS `tmp_tables_to_disk_pct`,
 1 AS `first_seen`,
 1 AS `last_seen`,
 1 AS `digest`*/;
SET character_set_client = @saved_cs_client;

--
-- Table structure for table `survey_answers`
--

DROP TABLE IF EXISTS `survey_answers`;
/*!40101 SET @saved_cs_client     = @@character_set_client */;
/*!50503 SET character_set_client = utf8mb4 */;
CREATE TABLE `survey_answers` (
  `idSurveyAnswer` int NOT NULL AUTO_INCREMENT,
  `idQuestion` int NOT NULL,
  `answer` int NOT NULL,
  PRIMARY KEY (`idSurveyAnswer`),
  KEY `question_idx` (`idQuestion`),
  CONSTRAINT `question` FOREIGN KEY (`idQuestion`) REFERENCES `survey_questions` (`idSurveyQuestion`)
) ENGINE=InnoDB AUTO_INCREMENT=30 DEFAULT CHARSET=utf8mb4 COLLATE=utf8mb4_0900_ai_ci;
/*!40101 SET character_set_client = @saved_cs_client */;

--
-- Dumping data for table `survey_answers`
--

LOCK TABLES `survey_answers` WRITE;
/*!40000 ALTER TABLE `survey_answers` DISABLE KEYS */;
INSERT INTO `survey_answers` VALUES (1,2,2),(2,1,1),(3,4,4),(4,5,5),(5,6,6),(6,3,3),(7,2,9),(8,4,7),(9,6,5),(10,3,8),(11,5,6),(12,1,10),(13,24,3),(14,26,5),(15,22,1),(16,23,2),(17,25,4),(18,6,10),(19,2,10),(20,3,10),(21,4,10),(22,5,10),(23,1,10),(24,2,10),(25,6,10),(26,5,10),(27,1,10),(28,4,10),(29,3,10);
/*!40000 ALTER TABLE `survey_answers` ENABLE KEYS */;
UNLOCK TABLES;

--
-- Table structure for table `survey_questions`
--

DROP TABLE IF EXISTS `survey_questions`;
/*!40101 SET @saved_cs_client     = @@character_set_client */;
/*!50503 SET character_set_client = utf8mb4 */;
CREATE TABLE `survey_questions` (
  `idSurveyQuestion` int NOT NULL AUTO_INCREMENT,
  `idSurvey` int NOT NULL,
  `question` varchar(100) NOT NULL,
  PRIMARY KEY (`idSurveyQuestion`),
  KEY `idSurvey_idx` (`idSurvey`),
  CONSTRAINT `surveyFK` FOREIGN KEY (`idSurvey`) REFERENCES `surveys` (`idSurvey`)
) ENGINE=InnoDB AUTO_INCREMENT=27 DEFAULT CHARSET=utf8mb4 COLLATE=utf8mb4_0900_ai_ci;
/*!40101 SET character_set_client = @saved_cs_client */;

--
-- Dumping data for table `survey_questions`
--

LOCK TABLES `survey_questions` WRITE;
/*!40000 ALTER TABLE `survey_questions` DISABLE KEYS */;
INSERT INTO `survey_questions` VALUES (1,1,'How was your shopping experience with us?'),(2,1,'Are you Statisfied with the product selection?'),(3,1,'Did you like the user interface?'),(4,1,'Do you think our prices are reasonable?'),(5,1,'Do you like the aplication design?'),(6,1,'Do you like the cart design?'),(7,2,'test1'),(8,2,'test2'),(9,2,'test3'),(10,2,'test4'),(11,2,'test5'),(12,2,'test6'),(13,2,'test7'),(14,2,'test8'),(15,2,'test9'),(16,2,'test10'),(17,2,'test11'),(18,2,'test12'),(19,2,'test13'),(20,2,'test14'),(21,2,'test15'),(22,3,'shita 1'),(23,3,'shita 2'),(24,3,'shita 3'),(25,3,'shita 4'),(26,3,'shita 5');
/*!40000 ALTER TABLE `survey_questions` ENABLE KEYS */;
UNLOCK TABLES;

--
-- Table structure for table `surveys`
--

DROP TABLE IF EXISTS `surveys`;
/*!40101 SET @saved_cs_client     = @@character_set_client */;
/*!50503 SET character_set_client = utf8mb4 */;
CREATE TABLE `surveys` (
  `idSurvey` int NOT NULL AUTO_INCREMENT,
  `surveyName` varchar(45) NOT NULL,
  PRIMARY KEY (`idSurvey`)
) ENGINE=InnoDB AUTO_INCREMENT=4 DEFAULT CHARSET=utf8mb4 COLLATE=utf8mb4_0900_ai_ci COMMENT='				';
/*!40101 SET character_set_client = @saved_cs_client */;

--
-- Dumping data for table `surveys`
--

LOCK TABLES `surveys` WRITE;
/*!40000 ALTER TABLE `surveys` DISABLE KEYS */;
INSERT INTO `surveys` VALUES (1,'Shopping Experience'),(2,'Product Quality'),(3,'some other shit');
/*!40000 ALTER TABLE `surveys` ENABLE KEYS */;
UNLOCK TABLES;

--
-- Table structure for table `user_branches`
--

DROP TABLE IF EXISTS `user_branches`;
/*!40101 SET @saved_cs_client     = @@character_set_client */;
/*!50503 SET character_set_client = utf8mb4 */;
CREATE TABLE `user_branches` (
  `idUser` int NOT NULL,
  `idBranch` int NOT NULL,
  PRIMARY KEY (`idUser`,`idBranch`),
  KEY `user_branches_ibfk_1_idx` (`idBranch`),
  CONSTRAINT `user_branches_ibfk_1` FOREIGN KEY (`idBranch`) REFERENCES `branches` (`idBranch`) ON DELETE CASCADE ON UPDATE CASCADE,
  CONSTRAINT `user_branches_ibfk_2` FOREIGN KEY (`idUser`) REFERENCES `users` (`idUser`) ON DELETE CASCADE ON UPDATE CASCADE
) ENGINE=InnoDB DEFAULT CHARSET=utf8mb4 COLLATE=utf8mb4_0900_ai_ci;
/*!40101 SET character_set_client = @saved_cs_client */;

--
-- Dumping data for table `user_branches`
--

LOCK TABLES `user_branches` WRITE;
/*!40000 ALTER TABLE `user_branches` DISABLE KEYS */;
/*!40000 ALTER TABLE `user_branches` ENABLE KEYS */;
UNLOCK TABLES;

--
-- Table structure for table `user_details`
--

DROP TABLE IF EXISTS `user_details`;
/*!40101 SET @saved_cs_client     = @@character_set_client */;
/*!50503 SET character_set_client = utf8mb4 */;
CREATE TABLE `user_details` (
  `idAccount` int NOT NULL AUTO_INCREMENT,
  `firstName` varchar(60) NOT NULL,
  `lastName` varchar(60) NOT NULL,
  `id` varchar(9) NOT NULL,
  `email` varchar(45) NOT NULL,
  `phoneNumber` varchar(12) NOT NULL,
  PRIMARY KEY (`idAccount`),
  UNIQUE KEY `id_UNIQUE` (`id`)
) ENGINE=InnoDB AUTO_INCREMENT=22 DEFAULT CHARSET=utf8mb4 COLLATE=utf8mb4_0900_ai_ci;
/*!40101 SET character_set_client = @saved_cs_client */;

--
-- Dumping data for table `user_details`
--

LOCK TABLES `user_details` WRITE;
/*!40000 ALTER TABLE `user_details` DISABLE KEYS */;
INSERT INTO `user_details` VALUES (1,'cu','cu','000000000','cu@gmail.com','0530000000'),(2,'eitan','german','000000001','eitan@gmail.com','0530000001'),(3,'hanil','zabrailov','000000002','hanil@gmail.com','0530000002'),(4,'yana','raitsin','000000003','yana@gmail.com','0530000003'),(5,'yael','shusterman','000000004','yael@gmail.com','0530000004'),(6,'dolev','almog','000000005','dolev@gmail.com','0530000005'),(7,'mng','mng','000000006','mng@gmail.com','0530000006'),(8,'cs','cs','000000007','cs@gmail.com','0530000007'),(9,'mrkt','mrkt','000000008','mrkt@gmail.com','0530000008'),(10,'Master','Manager','000000009','mng2@gmail.com','0530000009'),(12,'mr','jesus','694202496','mrJesus@gmail.com','555666555'),(13,'test','test','123456789','test1@gmail.com','0533022993'),(14,'Cu','CU','000000010','CU@gmail.com','0530000010'),(16,'se','se','000000015','se@gmail.com','053-000-0015'),(17,'ceo','ceo','123456888','zlimessager@gmail.com','0533333333'),(20,'dc','dc','000000016','deliveryCoordinator@gmail.com','0530000016'),(21,'sw','sw','000000021','storeWorker@gmail.com','0530000021');
/*!40000 ALTER TABLE `user_details` ENABLE KEYS */;
UNLOCK TABLES;

--
-- Table structure for table `user_screen`
--

DROP TABLE IF EXISTS `user_screen`;
/*!40101 SET @saved_cs_client     = @@character_set_client */;
/*!50503 SET character_set_client = utf8mb4 */;
CREATE TABLE `user_screen` (
  `idUser` int NOT NULL,
  `screen` varchar(45) NOT NULL DEFAULT 'default',
  PRIMARY KEY (`screen`,`idUser`),
  KEY `idUser_idx` (`idUser`),
  CONSTRAINT `idUser` FOREIGN KEY (`idUser`) REFERENCES `users` (`idUser`)
) ENGINE=InnoDB DEFAULT CHARSET=utf8mb4 COLLATE=utf8mb4_0900_ai_ci;
/*!40101 SET character_set_client = @saved_cs_client */;

--
-- Dumping data for table `user_screen`
--

LOCK TABLES `user_screen` WRITE;
/*!40000 ALTER TABLE `user_screen` DISABLE KEYS */;
INSERT INTO `user_screen` VALUES (1,'CATALOG'),(1,'VIEW_ORDERS_CUSTOMER'),(2,'CATALOG'),(2,'VIEW_ORDERS_CUSTOMER'),(4,'CATALOG'),(4,'VIEW_ORDERS_CUSTOMER'),(6,'CATALOG'),(6,'VIEW_ORDERS_CUSTOMER'),(7,'MANAGE_USERS'),(7,'REGISTER_CUSTMER'),(7,'USER_PREMISSION'),(7,'VIEW_ORDERS_MANAGER'),(7,'VIEW_REPORTS'),(8,'COMPLAINT_HOME'),(8,'SURVEY_HOME'),(8,'VIEW_SURVEY_ANALYSIS_RESULTS'),(9,'EDIT_CATALOG'),(10,'MANAGE_USERS'),(10,'REGISTER_CUSTMER'),(10,'USER_PREMISSION'),(10,'VIEW_ORDERS_MANAGER'),(10,'VIEW_REPORTS'),(16,'VIEW_ANSWERED_SURVEYS'),(17,'VIEW_REPORTS'),(18,'DELIVER_ORDERS');
/*!40000 ALTER TABLE `user_screen` ENABLE KEYS */;
UNLOCK TABLES;

--
-- Temporary view structure for view `user_summary`
--

DROP TABLE IF EXISTS `user_summary`;
/*!50001 DROP VIEW IF EXISTS `user_summary`*/;
SET @saved_cs_client     = @@character_set_client;
/*!50503 SET character_set_client = utf8mb4 */;
/*!50001 CREATE VIEW `user_summary` AS SELECT 
 1 AS `user`,
 1 AS `statements`,
 1 AS `statement_latency`,
 1 AS `statement_avg_latency`,
 1 AS `table_scans`,
 1 AS `file_ios`,
 1 AS `file_io_latency`,
 1 AS `current_connections`,
 1 AS `total_connections`,
 1 AS `unique_hosts`,
 1 AS `current_memory`,
 1 AS `total_memory_allocated`*/;
SET character_set_client = @saved_cs_client;

--
-- Temporary view structure for view `user_summary_by_file_io`
--

DROP TABLE IF EXISTS `user_summary_by_file_io`;
/*!50001 DROP VIEW IF EXISTS `user_summary_by_file_io`*/;
SET @saved_cs_client     = @@character_set_client;
/*!50503 SET character_set_client = utf8mb4 */;
/*!50001 CREATE VIEW `user_summary_by_file_io` AS SELECT 
 1 AS `user`,
 1 AS `ios`,
 1 AS `io_latency`*/;
SET character_set_client = @saved_cs_client;

--
-- Temporary view structure for view `user_summary_by_file_io_type`
--

DROP TABLE IF EXISTS `user_summary_by_file_io_type`;
/*!50001 DROP VIEW IF EXISTS `user_summary_by_file_io_type`*/;
SET @saved_cs_client     = @@character_set_client;
/*!50503 SET character_set_client = utf8mb4 */;
/*!50001 CREATE VIEW `user_summary_by_file_io_type` AS SELECT 
 1 AS `user`,
 1 AS `event_name`,
 1 AS `total`,
 1 AS `latency`,
 1 AS `max_latency`*/;
SET character_set_client = @saved_cs_client;

--
-- Temporary view structure for view `user_summary_by_stages`
--

DROP TABLE IF EXISTS `user_summary_by_stages`;
/*!50001 DROP VIEW IF EXISTS `user_summary_by_stages`*/;
SET @saved_cs_client     = @@character_set_client;
/*!50503 SET character_set_client = utf8mb4 */;
/*!50001 CREATE VIEW `user_summary_by_stages` AS SELECT 
 1 AS `user`,
 1 AS `event_name`,
 1 AS `total`,
 1 AS `total_latency`,
 1 AS `avg_latency`*/;
SET character_set_client = @saved_cs_client;

--
-- Temporary view structure for view `user_summary_by_statement_latency`
--

DROP TABLE IF EXISTS `user_summary_by_statement_latency`;
/*!50001 DROP VIEW IF EXISTS `user_summary_by_statement_latency`*/;
SET @saved_cs_client     = @@character_set_client;
/*!50503 SET character_set_client = utf8mb4 */;
/*!50001 CREATE VIEW `user_summary_by_statement_latency` AS SELECT 
 1 AS `user`,
 1 AS `total`,
 1 AS `total_latency`,
 1 AS `max_latency`,
 1 AS `lock_latency`,
 1 AS `cpu_latency`,
 1 AS `rows_sent`,
 1 AS `rows_examined`,
 1 AS `rows_affected`,
 1 AS `full_scans`*/;
SET character_set_client = @saved_cs_client;

--
-- Temporary view structure for view `user_summary_by_statement_type`
--

DROP TABLE IF EXISTS `user_summary_by_statement_type`;
/*!50001 DROP VIEW IF EXISTS `user_summary_by_statement_type`*/;
SET @saved_cs_client     = @@character_set_client;
/*!50503 SET character_set_client = utf8mb4 */;
/*!50001 CREATE VIEW `user_summary_by_statement_type` AS SELECT 
 1 AS `user`,
 1 AS `statement`,
 1 AS `total`,
 1 AS `total_latency`,
 1 AS `max_latency`,
 1 AS `lock_latency`,
 1 AS `cpu_latency`,
 1 AS `rows_sent`,
 1 AS `rows_examined`,
 1 AS `rows_affected`,
 1 AS `full_scans`*/;
SET character_set_client = @saved_cs_client;

--
-- Table structure for table `users`
--

DROP TABLE IF EXISTS `users`;
/*!40101 SET @saved_cs_client     = @@character_set_client */;
/*!50503 SET character_set_client = utf8mb4 */;
CREATE TABLE `users` (
  `idUser` int NOT NULL AUTO_INCREMENT,
  `USERNAME` varchar(50) CHARACTER SET utf8mb4 COLLATE utf8mb4_bin NOT NULL,
  `PASSWORD` varchar(50) CHARACTER SET utf8mb4 COLLATE utf8mb4_bin NOT NULL,
  `idAccount` int NOT NULL,
  `userType` varchar(45) NOT NULL DEFAULT 'NEW_CUSTOMER',
  `isLogin` tinyint NOT NULL DEFAULT '0',
  `status` varchar(45) NOT NULL DEFAULT 'Active',
  `storeCredit` double NOT NULL DEFAULT '0',
  PRIMARY KEY (`idUser`),
  UNIQUE KEY `username_UNIQUE` (`USERNAME`),
  KEY `users_ibfk_1_idx` (`idAccount`),
  CONSTRAINT `users_ibfk_1` FOREIGN KEY (`idAccount`) REFERENCES `user_details` (`idAccount`) ON DELETE CASCADE ON UPDATE CASCADE
) ENGINE=InnoDB AUTO_INCREMENT=20 DEFAULT CHARSET=utf8mb4 COLLATE=utf8mb4_0900_ai_ci;
/*!40101 SET character_set_client = @saved_cs_client */;

--
-- Dumping data for table `users`
--

LOCK TABLES `users` WRITE;
/*!40000 ALTER TABLE `users` DISABLE KEYS */;
INSERT INTO `users` VALUES (1,'cu','cu',1,'CUSTOMER',0,'Active',647.6800000000001),(2,'eitan','eitan',2,'CUSTOMER',0,'Active',0),(3,'hanil','hanil',3,'CUSTOMER',0,'Suspended',0),(4,'yana','yana',4,'CUSTOMER',0,'Active',0),(5,'yael','yael',5,'NEW_CUSTOMER',0,'Active',0),(6,'dolev','dolev',6,'CUSTOMER',0,'Active',0),(7,'mng','mng',7,'STORE_MANGER',0,'Active',0),(8,'cs','cs',8,'CUSTOMER_SERVICE',0,'Active',0),(9,'mrkt','mrkt',9,'MARKETING_WORKER',0,'Active',0),(10,'mng2','mng2',10,'STORE_MANGER',0,'Active',0),(16,'se','se',16,'SERVICE_EXPERT',0,'Active',0),(17,'ceo','ceo',17,'CEO',0,'Active',0),(18,'dc','dc',20,'DELIVERY_COORDINATOR',0,'Active',0),(19,'sw','sw',21,'STORE_WORKER',0,'Active',0);
/*!40000 ALTER TABLE `users` ENABLE KEYS */;
UNLOCK TABLES;

--
-- Temporary view structure for view `version`
--

DROP TABLE IF EXISTS `version`;
/*!50001 DROP VIEW IF EXISTS `version`*/;
SET @saved_cs_client     = @@character_set_client;
/*!50503 SET character_set_client = utf8mb4 */;
/*!50001 CREATE VIEW `version` AS SELECT 
 1 AS `sys_version`,
 1 AS `mysql_version`*/;
SET character_set_client = @saved_cs_client;

--
-- Temporary view structure for view `wait_classes_global_by_avg_latency`
--

DROP TABLE IF EXISTS `wait_classes_global_by_avg_latency`;
/*!50001 DROP VIEW IF EXISTS `wait_classes_global_by_avg_latency`*/;
SET @saved_cs_client     = @@character_set_client;
/*!50503 SET character_set_client = utf8mb4 */;
/*!50001 CREATE VIEW `wait_classes_global_by_avg_latency` AS SELECT 
 1 AS `event_class`,
 1 AS `total`,
 1 AS `total_latency`,
 1 AS `min_latency`,
 1 AS `avg_latency`,
 1 AS `max_latency`*/;
SET character_set_client = @saved_cs_client;

--
-- Temporary view structure for view `wait_classes_global_by_latency`
--

DROP TABLE IF EXISTS `wait_classes_global_by_latency`;
/*!50001 DROP VIEW IF EXISTS `wait_classes_global_by_latency`*/;
SET @saved_cs_client     = @@character_set_client;
/*!50503 SET character_set_client = utf8mb4 */;
/*!50001 CREATE VIEW `wait_classes_global_by_latency` AS SELECT 
 1 AS `event_class`,
 1 AS `total`,
 1 AS `total_latency`,
 1 AS `min_latency`,
 1 AS `avg_latency`,
 1 AS `max_latency`*/;
SET character_set_client = @saved_cs_client;

--
-- Temporary view structure for view `waits_by_host_by_latency`
--

DROP TABLE IF EXISTS `waits_by_host_by_latency`;
/*!50001 DROP VIEW IF EXISTS `waits_by_host_by_latency`*/;
SET @saved_cs_client     = @@character_set_client;
/*!50503 SET character_set_client = utf8mb4 */;
/*!50001 CREATE VIEW `waits_by_host_by_latency` AS SELECT 
 1 AS `host`,
 1 AS `event`,
 1 AS `total`,
 1 AS `total_latency`,
 1 AS `avg_latency`,
 1 AS `max_latency`*/;
SET character_set_client = @saved_cs_client;

--
-- Temporary view structure for view `waits_by_user_by_latency`
--

DROP TABLE IF EXISTS `waits_by_user_by_latency`;
/*!50001 DROP VIEW IF EXISTS `waits_by_user_by_latency`*/;
SET @saved_cs_client     = @@character_set_client;
/*!50503 SET character_set_client = utf8mb4 */;
/*!50001 CREATE VIEW `waits_by_user_by_latency` AS SELECT 
 1 AS `user`,
 1 AS `event`,
 1 AS `total`,
 1 AS `total_latency`,
 1 AS `avg_latency`,
 1 AS `max_latency`*/;
SET character_set_client = @saved_cs_client;

--
-- Temporary view structure for view `waits_global_by_latency`
--

DROP TABLE IF EXISTS `waits_global_by_latency`;
/*!50001 DROP VIEW IF EXISTS `waits_global_by_latency`*/;
SET @saved_cs_client     = @@character_set_client;
/*!50503 SET character_set_client = utf8mb4 */;
/*!50001 CREATE VIEW `waits_global_by_latency` AS SELECT 
 1 AS `events`,
 1 AS `total`,
 1 AS `total_latency`,
 1 AS `avg_latency`,
 1 AS `max_latency`*/;
SET character_set_client = @saved_cs_client;

--
-- Temporary view structure for view `x$host_summary`
--

DROP TABLE IF EXISTS `x$host_summary`;
/*!50001 DROP VIEW IF EXISTS `x$host_summary`*/;
SET @saved_cs_client     = @@character_set_client;
/*!50503 SET character_set_client = utf8mb4 */;
/*!50001 CREATE VIEW `x$host_summary` AS SELECT 
 1 AS `host`,
 1 AS `statements`,
 1 AS `statement_latency`,
 1 AS `statement_avg_latency`,
 1 AS `table_scans`,
 1 AS `file_ios`,
 1 AS `file_io_latency`,
 1 AS `current_connections`,
 1 AS `total_connections`,
 1 AS `unique_users`,
 1 AS `current_memory`,
 1 AS `total_memory_allocated`*/;
SET character_set_client = @saved_cs_client;

--
-- Temporary view structure for view `x$host_summary_by_file_io`
--

DROP TABLE IF EXISTS `x$host_summary_by_file_io`;
/*!50001 DROP VIEW IF EXISTS `x$host_summary_by_file_io`*/;
SET @saved_cs_client     = @@character_set_client;
/*!50503 SET character_set_client = utf8mb4 */;
/*!50001 CREATE VIEW `x$host_summary_by_file_io` AS SELECT 
 1 AS `host`,
 1 AS `ios`,
 1 AS `io_latency`*/;
SET character_set_client = @saved_cs_client;

--
-- Temporary view structure for view `x$host_summary_by_file_io_type`
--

DROP TABLE IF EXISTS `x$host_summary_by_file_io_type`;
/*!50001 DROP VIEW IF EXISTS `x$host_summary_by_file_io_type`*/;
SET @saved_cs_client     = @@character_set_client;
/*!50503 SET character_set_client = utf8mb4 */;
/*!50001 CREATE VIEW `x$host_summary_by_file_io_type` AS SELECT 
 1 AS `host`,
 1 AS `event_name`,
 1 AS `total`,
 1 AS `total_latency`,
 1 AS `max_latency`*/;
SET character_set_client = @saved_cs_client;

--
-- Temporary view structure for view `x$host_summary_by_stages`
--

DROP TABLE IF EXISTS `x$host_summary_by_stages`;
/*!50001 DROP VIEW IF EXISTS `x$host_summary_by_stages`*/;
SET @saved_cs_client     = @@character_set_client;
/*!50503 SET character_set_client = utf8mb4 */;
/*!50001 CREATE VIEW `x$host_summary_by_stages` AS SELECT 
 1 AS `host`,
 1 AS `event_name`,
 1 AS `total`,
 1 AS `total_latency`,
 1 AS `avg_latency`*/;
SET character_set_client = @saved_cs_client;

--
-- Temporary view structure for view `x$host_summary_by_statement_latency`
--

DROP TABLE IF EXISTS `x$host_summary_by_statement_latency`;
/*!50001 DROP VIEW IF EXISTS `x$host_summary_by_statement_latency`*/;
SET @saved_cs_client     = @@character_set_client;
/*!50503 SET character_set_client = utf8mb4 */;
/*!50001 CREATE VIEW `x$host_summary_by_statement_latency` AS SELECT 
 1 AS `host`,
 1 AS `total`,
 1 AS `total_latency`,
 1 AS `max_latency`,
 1 AS `lock_latency`,
 1 AS `cpu_latency`,
 1 AS `rows_sent`,
 1 AS `rows_examined`,
 1 AS `rows_affected`,
 1 AS `full_scans`*/;
SET character_set_client = @saved_cs_client;

--
-- Temporary view structure for view `x$host_summary_by_statement_type`
--

DROP TABLE IF EXISTS `x$host_summary_by_statement_type`;
/*!50001 DROP VIEW IF EXISTS `x$host_summary_by_statement_type`*/;
SET @saved_cs_client     = @@character_set_client;
/*!50503 SET character_set_client = utf8mb4 */;
/*!50001 CREATE VIEW `x$host_summary_by_statement_type` AS SELECT 
 1 AS `host`,
 1 AS `statement`,
 1 AS `total`,
 1 AS `total_latency`,
 1 AS `max_latency`,
 1 AS `lock_latency`,
 1 AS `cpu_latency`,
 1 AS `rows_sent`,
 1 AS `rows_examined`,
 1 AS `rows_affected`,
 1 AS `full_scans`*/;
SET character_set_client = @saved_cs_client;

--
-- Temporary view structure for view `x$innodb_buffer_stats_by_schema`
--

DROP TABLE IF EXISTS `x$innodb_buffer_stats_by_schema`;
/*!50001 DROP VIEW IF EXISTS `x$innodb_buffer_stats_by_schema`*/;
SET @saved_cs_client     = @@character_set_client;
/*!50503 SET character_set_client = utf8mb4 */;
/*!50001 CREATE VIEW `x$innodb_buffer_stats_by_schema` AS SELECT 
 1 AS `object_schema`,
 1 AS `allocated`,
 1 AS `data`,
 1 AS `pages`,
 1 AS `pages_hashed`,
 1 AS `pages_old`,
 1 AS `rows_cached`*/;
SET character_set_client = @saved_cs_client;

--
-- Temporary view structure for view `x$innodb_buffer_stats_by_table`
--

DROP TABLE IF EXISTS `x$innodb_buffer_stats_by_table`;
/*!50001 DROP VIEW IF EXISTS `x$innodb_buffer_stats_by_table`*/;
SET @saved_cs_client     = @@character_set_client;
/*!50503 SET character_set_client = utf8mb4 */;
/*!50001 CREATE VIEW `x$innodb_buffer_stats_by_table` AS SELECT 
 1 AS `object_schema`,
 1 AS `object_name`,
 1 AS `allocated`,
 1 AS `data`,
 1 AS `pages`,
 1 AS `pages_hashed`,
 1 AS `pages_old`,
 1 AS `rows_cached`*/;
SET character_set_client = @saved_cs_client;

--
-- Temporary view structure for view `x$innodb_lock_waits`
--

DROP TABLE IF EXISTS `x$innodb_lock_waits`;
/*!50001 DROP VIEW IF EXISTS `x$innodb_lock_waits`*/;
SET @saved_cs_client     = @@character_set_client;
/*!50503 SET character_set_client = utf8mb4 */;
/*!50001 CREATE VIEW `x$innodb_lock_waits` AS SELECT 
 1 AS `wait_started`,
 1 AS `wait_age`,
 1 AS `wait_age_secs`,
 1 AS `locked_table`,
 1 AS `locked_table_schema`,
 1 AS `locked_table_name`,
 1 AS `locked_table_partition`,
 1 AS `locked_table_subpartition`,
 1 AS `locked_index`,
 1 AS `locked_type`,
 1 AS `waiting_trx_id`,
 1 AS `waiting_trx_started`,
 1 AS `waiting_trx_age`,
 1 AS `waiting_trx_rows_locked`,
 1 AS `waiting_trx_rows_modified`,
 1 AS `waiting_pid`,
 1 AS `waiting_query`,
 1 AS `waiting_lock_id`,
 1 AS `waiting_lock_mode`,
 1 AS `blocking_trx_id`,
 1 AS `blocking_pid`,
 1 AS `blocking_query`,
 1 AS `blocking_lock_id`,
 1 AS `blocking_lock_mode`,
 1 AS `blocking_trx_started`,
 1 AS `blocking_trx_age`,
 1 AS `blocking_trx_rows_locked`,
 1 AS `blocking_trx_rows_modified`,
 1 AS `sql_kill_blocking_query`,
 1 AS `sql_kill_blocking_connection`*/;
SET character_set_client = @saved_cs_client;

--
-- Temporary view structure for view `x$io_by_thread_by_latency`
--

DROP TABLE IF EXISTS `x$io_by_thread_by_latency`;
/*!50001 DROP VIEW IF EXISTS `x$io_by_thread_by_latency`*/;
SET @saved_cs_client     = @@character_set_client;
/*!50503 SET character_set_client = utf8mb4 */;
/*!50001 CREATE VIEW `x$io_by_thread_by_latency` AS SELECT 
 1 AS `user`,
 1 AS `total`,
 1 AS `total_latency`,
 1 AS `min_latency`,
 1 AS `avg_latency`,
 1 AS `max_latency`,
 1 AS `thread_id`,
 1 AS `processlist_id`*/;
SET character_set_client = @saved_cs_client;

--
-- Temporary view structure for view `x$io_global_by_file_by_bytes`
--

DROP TABLE IF EXISTS `x$io_global_by_file_by_bytes`;
/*!50001 DROP VIEW IF EXISTS `x$io_global_by_file_by_bytes`*/;
SET @saved_cs_client     = @@character_set_client;
/*!50503 SET character_set_client = utf8mb4 */;
/*!50001 CREATE VIEW `x$io_global_by_file_by_bytes` AS SELECT 
 1 AS `file`,
 1 AS `count_read`,
 1 AS `total_read`,
 1 AS `avg_read`,
 1 AS `count_write`,
 1 AS `total_written`,
 1 AS `avg_write`,
 1 AS `total`,
 1 AS `write_pct`*/;
SET character_set_client = @saved_cs_client;

--
-- Temporary view structure for view `x$io_global_by_file_by_latency`
--

DROP TABLE IF EXISTS `x$io_global_by_file_by_latency`;
/*!50001 DROP VIEW IF EXISTS `x$io_global_by_file_by_latency`*/;
SET @saved_cs_client     = @@character_set_client;
/*!50503 SET character_set_client = utf8mb4 */;
/*!50001 CREATE VIEW `x$io_global_by_file_by_latency` AS SELECT 
 1 AS `file`,
 1 AS `total`,
 1 AS `total_latency`,
 1 AS `count_read`,
 1 AS `read_latency`,
 1 AS `count_write`,
 1 AS `write_latency`,
 1 AS `count_misc`,
 1 AS `misc_latency`*/;
SET character_set_client = @saved_cs_client;

--
-- Temporary view structure for view `x$io_global_by_wait_by_bytes`
--

DROP TABLE IF EXISTS `x$io_global_by_wait_by_bytes`;
/*!50001 DROP VIEW IF EXISTS `x$io_global_by_wait_by_bytes`*/;
SET @saved_cs_client     = @@character_set_client;
/*!50503 SET character_set_client = utf8mb4 */;
/*!50001 CREATE VIEW `x$io_global_by_wait_by_bytes` AS SELECT 
 1 AS `event_name`,
 1 AS `total`,
 1 AS `total_latency`,
 1 AS `min_latency`,
 1 AS `avg_latency`,
 1 AS `max_latency`,
 1 AS `count_read`,
 1 AS `total_read`,
 1 AS `avg_read`,
 1 AS `count_write`,
 1 AS `total_written`,
 1 AS `avg_written`,
 1 AS `total_requested`*/;
SET character_set_client = @saved_cs_client;

--
-- Temporary view structure for view `x$io_global_by_wait_by_latency`
--

DROP TABLE IF EXISTS `x$io_global_by_wait_by_latency`;
/*!50001 DROP VIEW IF EXISTS `x$io_global_by_wait_by_latency`*/;
SET @saved_cs_client     = @@character_set_client;
/*!50503 SET character_set_client = utf8mb4 */;
/*!50001 CREATE VIEW `x$io_global_by_wait_by_latency` AS SELECT 
 1 AS `event_name`,
 1 AS `total`,
 1 AS `total_latency`,
 1 AS `avg_latency`,
 1 AS `max_latency`,
 1 AS `read_latency`,
 1 AS `write_latency`,
 1 AS `misc_latency`,
 1 AS `count_read`,
 1 AS `total_read`,
 1 AS `avg_read`,
 1 AS `count_write`,
 1 AS `total_written`,
 1 AS `avg_written`*/;
SET character_set_client = @saved_cs_client;

--
-- Temporary view structure for view `x$latest_file_io`
--

DROP TABLE IF EXISTS `x$latest_file_io`;
/*!50001 DROP VIEW IF EXISTS `x$latest_file_io`*/;
SET @saved_cs_client     = @@character_set_client;
/*!50503 SET character_set_client = utf8mb4 */;
/*!50001 CREATE VIEW `x$latest_file_io` AS SELECT 
 1 AS `thread`,
 1 AS `file`,
 1 AS `latency`,
 1 AS `operation`,
 1 AS `requested`*/;
SET character_set_client = @saved_cs_client;

--
-- Temporary view structure for view `x$memory_by_host_by_current_bytes`
--

DROP TABLE IF EXISTS `x$memory_by_host_by_current_bytes`;
/*!50001 DROP VIEW IF EXISTS `x$memory_by_host_by_current_bytes`*/;
SET @saved_cs_client     = @@character_set_client;
/*!50503 SET character_set_client = utf8mb4 */;
/*!50001 CREATE VIEW `x$memory_by_host_by_current_bytes` AS SELECT 
 1 AS `host`,
 1 AS `current_count_used`,
 1 AS `current_allocated`,
 1 AS `current_avg_alloc`,
 1 AS `current_max_alloc`,
 1 AS `total_allocated`*/;
SET character_set_client = @saved_cs_client;

--
-- Temporary view structure for view `x$memory_by_thread_by_current_bytes`
--

DROP TABLE IF EXISTS `x$memory_by_thread_by_current_bytes`;
/*!50001 DROP VIEW IF EXISTS `x$memory_by_thread_by_current_bytes`*/;
SET @saved_cs_client     = @@character_set_client;
/*!50503 SET character_set_client = utf8mb4 */;
/*!50001 CREATE VIEW `x$memory_by_thread_by_current_bytes` AS SELECT 
 1 AS `thread_id`,
 1 AS `user`,
 1 AS `current_count_used`,
 1 AS `current_allocated`,
 1 AS `current_avg_alloc`,
 1 AS `current_max_alloc`,
 1 AS `total_allocated`*/;
SET character_set_client = @saved_cs_client;

--
-- Temporary view structure for view `x$memory_by_user_by_current_bytes`
--

DROP TABLE IF EXISTS `x$memory_by_user_by_current_bytes`;
/*!50001 DROP VIEW IF EXISTS `x$memory_by_user_by_current_bytes`*/;
SET @saved_cs_client     = @@character_set_client;
/*!50503 SET character_set_client = utf8mb4 */;
/*!50001 CREATE VIEW `x$memory_by_user_by_current_bytes` AS SELECT 
 1 AS `user`,
 1 AS `current_count_used`,
 1 AS `current_allocated`,
 1 AS `current_avg_alloc`,
 1 AS `current_max_alloc`,
 1 AS `total_allocated`*/;
SET character_set_client = @saved_cs_client;

--
-- Temporary view structure for view `x$memory_global_by_current_bytes`
--

DROP TABLE IF EXISTS `x$memory_global_by_current_bytes`;
/*!50001 DROP VIEW IF EXISTS `x$memory_global_by_current_bytes`*/;
SET @saved_cs_client     = @@character_set_client;
/*!50503 SET character_set_client = utf8mb4 */;
/*!50001 CREATE VIEW `x$memory_global_by_current_bytes` AS SELECT 
 1 AS `event_name`,
 1 AS `current_count`,
 1 AS `current_alloc`,
 1 AS `current_avg_alloc`,
 1 AS `high_count`,
 1 AS `high_alloc`,
 1 AS `high_avg_alloc`*/;
SET character_set_client = @saved_cs_client;

--
-- Temporary view structure for view `x$memory_global_total`
--

DROP TABLE IF EXISTS `x$memory_global_total`;
/*!50001 DROP VIEW IF EXISTS `x$memory_global_total`*/;
SET @saved_cs_client     = @@character_set_client;
/*!50503 SET character_set_client = utf8mb4 */;
/*!50001 CREATE VIEW `x$memory_global_total` AS SELECT 
 1 AS `total_allocated`*/;
SET character_set_client = @saved_cs_client;

--
-- Temporary view structure for view `x$processlist`
--

DROP TABLE IF EXISTS `x$processlist`;
/*!50001 DROP VIEW IF EXISTS `x$processlist`*/;
SET @saved_cs_client     = @@character_set_client;
/*!50503 SET character_set_client = utf8mb4 */;
/*!50001 CREATE VIEW `x$processlist` AS SELECT 
 1 AS `thd_id`,
 1 AS `conn_id`,
 1 AS `user`,
 1 AS `db`,
 1 AS `command`,
 1 AS `state`,
 1 AS `time`,
 1 AS `current_statement`,
 1 AS `statement_latency`,
 1 AS `progress`,
 1 AS `lock_latency`,
 1 AS `cpu_latency`,
 1 AS `rows_examined`,
 1 AS `rows_sent`,
 1 AS `rows_affected`,
 1 AS `tmp_tables`,
 1 AS `tmp_disk_tables`,
 1 AS `full_scan`,
 1 AS `last_statement`,
 1 AS `last_statement_latency`,
 1 AS `current_memory`,
 1 AS `last_wait`,
 1 AS `last_wait_latency`,
 1 AS `source`,
 1 AS `trx_latency`,
 1 AS `trx_state`,
 1 AS `trx_autocommit`,
 1 AS `pid`,
 1 AS `program_name`*/;
SET character_set_client = @saved_cs_client;

--
-- Temporary view structure for view `x$ps_digest_95th_percentile_by_avg_us`
--

DROP TABLE IF EXISTS `x$ps_digest_95th_percentile_by_avg_us`;
/*!50001 DROP VIEW IF EXISTS `x$ps_digest_95th_percentile_by_avg_us`*/;
SET @saved_cs_client     = @@character_set_client;
/*!50503 SET character_set_client = utf8mb4 */;
/*!50001 CREATE VIEW `x$ps_digest_95th_percentile_by_avg_us` AS SELECT 
 1 AS `avg_us`,
 1 AS `percentile`*/;
SET character_set_client = @saved_cs_client;

--
-- Temporary view structure for view `x$ps_digest_avg_latency_distribution`
--

DROP TABLE IF EXISTS `x$ps_digest_avg_latency_distribution`;
/*!50001 DROP VIEW IF EXISTS `x$ps_digest_avg_latency_distribution`*/;
SET @saved_cs_client     = @@character_set_client;
/*!50503 SET character_set_client = utf8mb4 */;
/*!50001 CREATE VIEW `x$ps_digest_avg_latency_distribution` AS SELECT 
 1 AS `cnt`,
 1 AS `avg_us`*/;
SET character_set_client = @saved_cs_client;

--
-- Temporary view structure for view `x$ps_schema_table_statistics_io`
--

DROP TABLE IF EXISTS `x$ps_schema_table_statistics_io`;
/*!50001 DROP VIEW IF EXISTS `x$ps_schema_table_statistics_io`*/;
SET @saved_cs_client     = @@character_set_client;
/*!50503 SET character_set_client = utf8mb4 */;
/*!50001 CREATE VIEW `x$ps_schema_table_statistics_io` AS SELECT 
 1 AS `table_schema`,
 1 AS `table_name`,
 1 AS `count_read`,
 1 AS `sum_number_of_bytes_read`,
 1 AS `sum_timer_read`,
 1 AS `count_write`,
 1 AS `sum_number_of_bytes_write`,
 1 AS `sum_timer_write`,
 1 AS `count_misc`,
 1 AS `sum_timer_misc`*/;
SET character_set_client = @saved_cs_client;

--
-- Temporary view structure for view `x$schema_flattened_keys`
--

DROP TABLE IF EXISTS `x$schema_flattened_keys`;
/*!50001 DROP VIEW IF EXISTS `x$schema_flattened_keys`*/;
SET @saved_cs_client     = @@character_set_client;
/*!50503 SET character_set_client = utf8mb4 */;
/*!50001 CREATE VIEW `x$schema_flattened_keys` AS SELECT 
 1 AS `table_schema`,
 1 AS `table_name`,
 1 AS `index_name`,
 1 AS `non_unique`,
 1 AS `subpart_exists`,
 1 AS `index_columns`*/;
SET character_set_client = @saved_cs_client;

--
-- Temporary view structure for view `x$schema_index_statistics`
--

DROP TABLE IF EXISTS `x$schema_index_statistics`;
/*!50001 DROP VIEW IF EXISTS `x$schema_index_statistics`*/;
SET @saved_cs_client     = @@character_set_client;
/*!50503 SET character_set_client = utf8mb4 */;
/*!50001 CREATE VIEW `x$schema_index_statistics` AS SELECT 
 1 AS `table_schema`,
 1 AS `table_name`,
 1 AS `index_name`,
 1 AS `rows_selected`,
 1 AS `select_latency`,
 1 AS `rows_inserted`,
 1 AS `insert_latency`,
 1 AS `rows_updated`,
 1 AS `update_latency`,
 1 AS `rows_deleted`,
 1 AS `delete_latency`*/;
SET character_set_client = @saved_cs_client;

--
-- Temporary view structure for view `x$schema_table_lock_waits`
--

DROP TABLE IF EXISTS `x$schema_table_lock_waits`;
/*!50001 DROP VIEW IF EXISTS `x$schema_table_lock_waits`*/;
SET @saved_cs_client     = @@character_set_client;
/*!50503 SET character_set_client = utf8mb4 */;
/*!50001 CREATE VIEW `x$schema_table_lock_waits` AS SELECT 
 1 AS `object_schema`,
 1 AS `object_name`,
 1 AS `waiting_thread_id`,
 1 AS `waiting_pid`,
 1 AS `waiting_account`,
 1 AS `waiting_lock_type`,
 1 AS `waiting_lock_duration`,
 1 AS `waiting_query`,
 1 AS `waiting_query_secs`,
 1 AS `waiting_query_rows_affected`,
 1 AS `waiting_query_rows_examined`,
 1 AS `blocking_thread_id`,
 1 AS `blocking_pid`,
 1 AS `blocking_account`,
 1 AS `blocking_lock_type`,
 1 AS `blocking_lock_duration`,
 1 AS `sql_kill_blocking_query`,
 1 AS `sql_kill_blocking_connection`*/;
SET character_set_client = @saved_cs_client;

--
-- Temporary view structure for view `x$schema_table_statistics`
--

DROP TABLE IF EXISTS `x$schema_table_statistics`;
/*!50001 DROP VIEW IF EXISTS `x$schema_table_statistics`*/;
SET @saved_cs_client     = @@character_set_client;
/*!50503 SET character_set_client = utf8mb4 */;
/*!50001 CREATE VIEW `x$schema_table_statistics` AS SELECT 
 1 AS `table_schema`,
 1 AS `table_name`,
 1 AS `total_latency`,
 1 AS `rows_fetched`,
 1 AS `fetch_latency`,
 1 AS `rows_inserted`,
 1 AS `insert_latency`,
 1 AS `rows_updated`,
 1 AS `update_latency`,
 1 AS `rows_deleted`,
 1 AS `delete_latency`,
 1 AS `io_read_requests`,
 1 AS `io_read`,
 1 AS `io_read_latency`,
 1 AS `io_write_requests`,
 1 AS `io_write`,
 1 AS `io_write_latency`,
 1 AS `io_misc_requests`,
 1 AS `io_misc_latency`*/;
SET character_set_client = @saved_cs_client;

--
-- Temporary view structure for view `x$schema_table_statistics_with_buffer`
--

DROP TABLE IF EXISTS `x$schema_table_statistics_with_buffer`;
/*!50001 DROP VIEW IF EXISTS `x$schema_table_statistics_with_buffer`*/;
SET @saved_cs_client     = @@character_set_client;
/*!50503 SET character_set_client = utf8mb4 */;
/*!50001 CREATE VIEW `x$schema_table_statistics_with_buffer` AS SELECT 
 1 AS `table_schema`,
 1 AS `table_name`,
 1 AS `rows_fetched`,
 1 AS `fetch_latency`,
 1 AS `rows_inserted`,
 1 AS `insert_latency`,
 1 AS `rows_updated`,
 1 AS `update_latency`,
 1 AS `rows_deleted`,
 1 AS `delete_latency`,
 1 AS `io_read_requests`,
 1 AS `io_read`,
 1 AS `io_read_latency`,
 1 AS `io_write_requests`,
 1 AS `io_write`,
 1 AS `io_write_latency`,
 1 AS `io_misc_requests`,
 1 AS `io_misc_latency`,
 1 AS `innodb_buffer_allocated`,
 1 AS `innodb_buffer_data`,
 1 AS `innodb_buffer_free`,
 1 AS `innodb_buffer_pages`,
 1 AS `innodb_buffer_pages_hashed`,
 1 AS `innodb_buffer_pages_old`,
 1 AS `innodb_buffer_rows_cached`*/;
SET character_set_client = @saved_cs_client;

--
-- Temporary view structure for view `x$schema_tables_with_full_table_scans`
--

DROP TABLE IF EXISTS `x$schema_tables_with_full_table_scans`;
/*!50001 DROP VIEW IF EXISTS `x$schema_tables_with_full_table_scans`*/;
SET @saved_cs_client     = @@character_set_client;
/*!50503 SET character_set_client = utf8mb4 */;
/*!50001 CREATE VIEW `x$schema_tables_with_full_table_scans` AS SELECT 
 1 AS `object_schema`,
 1 AS `object_name`,
 1 AS `rows_full_scanned`,
 1 AS `latency`*/;
SET character_set_client = @saved_cs_client;

--
-- Temporary view structure for view `x$session`
--

DROP TABLE IF EXISTS `x$session`;
/*!50001 DROP VIEW IF EXISTS `x$session`*/;
SET @saved_cs_client     = @@character_set_client;
/*!50503 SET character_set_client = utf8mb4 */;
/*!50001 CREATE VIEW `x$session` AS SELECT 
 1 AS `thd_id`,
 1 AS `conn_id`,
 1 AS `user`,
 1 AS `db`,
 1 AS `command`,
 1 AS `state`,
 1 AS `time`,
 1 AS `current_statement`,
 1 AS `statement_latency`,
 1 AS `progress`,
 1 AS `lock_latency`,
 1 AS `cpu_latency`,
 1 AS `rows_examined`,
 1 AS `rows_sent`,
 1 AS `rows_affected`,
 1 AS `tmp_tables`,
 1 AS `tmp_disk_tables`,
 1 AS `full_scan`,
 1 AS `last_statement`,
 1 AS `last_statement_latency`,
 1 AS `current_memory`,
 1 AS `last_wait`,
 1 AS `last_wait_latency`,
 1 AS `source`,
 1 AS `trx_latency`,
 1 AS `trx_state`,
 1 AS `trx_autocommit`,
 1 AS `pid`,
 1 AS `program_name`*/;
SET character_set_client = @saved_cs_client;

--
-- Temporary view structure for view `x$statement_analysis`
--

DROP TABLE IF EXISTS `x$statement_analysis`;
/*!50001 DROP VIEW IF EXISTS `x$statement_analysis`*/;
SET @saved_cs_client     = @@character_set_client;
/*!50503 SET character_set_client = utf8mb4 */;
/*!50001 CREATE VIEW `x$statement_analysis` AS SELECT 
 1 AS `query`,
 1 AS `db`,
 1 AS `full_scan`,
 1 AS `exec_count`,
 1 AS `err_count`,
 1 AS `warn_count`,
 1 AS `total_latency`,
 1 AS `max_latency`,
 1 AS `avg_latency`,
 1 AS `lock_latency`,
 1 AS `cpu_latency`,
 1 AS `rows_sent`,
 1 AS `rows_sent_avg`,
 1 AS `rows_examined`,
 1 AS `rows_examined_avg`,
 1 AS `rows_affected`,
 1 AS `rows_affected_avg`,
 1 AS `tmp_tables`,
 1 AS `tmp_disk_tables`,
 1 AS `rows_sorted`,
 1 AS `sort_merge_passes`,
 1 AS `digest`,
 1 AS `first_seen`,
 1 AS `last_seen`*/;
SET character_set_client = @saved_cs_client;

--
-- Temporary view structure for view `x$statements_with_errors_or_warnings`
--

DROP TABLE IF EXISTS `x$statements_with_errors_or_warnings`;
/*!50001 DROP VIEW IF EXISTS `x$statements_with_errors_or_warnings`*/;
SET @saved_cs_client     = @@character_set_client;
/*!50503 SET character_set_client = utf8mb4 */;
/*!50001 CREATE VIEW `x$statements_with_errors_or_warnings` AS SELECT 
 1 AS `query`,
 1 AS `db`,
 1 AS `exec_count`,
 1 AS `errors`,
 1 AS `error_pct`,
 1 AS `warnings`,
 1 AS `warning_pct`,
 1 AS `first_seen`,
 1 AS `last_seen`,
 1 AS `digest`*/;
SET character_set_client = @saved_cs_client;

--
-- Temporary view structure for view `x$statements_with_full_table_scans`
--

DROP TABLE IF EXISTS `x$statements_with_full_table_scans`;
/*!50001 DROP VIEW IF EXISTS `x$statements_with_full_table_scans`*/;
SET @saved_cs_client     = @@character_set_client;
/*!50503 SET character_set_client = utf8mb4 */;
/*!50001 CREATE VIEW `x$statements_with_full_table_scans` AS SELECT 
 1 AS `query`,
 1 AS `db`,
 1 AS `exec_count`,
 1 AS `total_latency`,
 1 AS `no_index_used_count`,
 1 AS `no_good_index_used_count`,
 1 AS `no_index_used_pct`,
 1 AS `rows_sent`,
 1 AS `rows_examined`,
 1 AS `rows_sent_avg`,
 1 AS `rows_examined_avg`,
 1 AS `first_seen`,
 1 AS `last_seen`,
 1 AS `digest`*/;
SET character_set_client = @saved_cs_client;

--
-- Temporary view structure for view `x$statements_with_runtimes_in_95th_percentile`
--

DROP TABLE IF EXISTS `x$statements_with_runtimes_in_95th_percentile`;
/*!50001 DROP VIEW IF EXISTS `x$statements_with_runtimes_in_95th_percentile`*/;
SET @saved_cs_client     = @@character_set_client;
/*!50503 SET character_set_client = utf8mb4 */;
/*!50001 CREATE VIEW `x$statements_with_runtimes_in_95th_percentile` AS SELECT 
 1 AS `query`,
 1 AS `db`,
 1 AS `full_scan`,
 1 AS `exec_count`,
 1 AS `err_count`,
 1 AS `warn_count`,
 1 AS `total_latency`,
 1 AS `max_latency`,
 1 AS `avg_latency`,
 1 AS `rows_sent`,
 1 AS `rows_sent_avg`,
 1 AS `rows_examined`,
 1 AS `rows_examined_avg`,
 1 AS `first_seen`,
 1 AS `last_seen`,
 1 AS `digest`*/;
SET character_set_client = @saved_cs_client;

--
-- Temporary view structure for view `x$statements_with_sorting`
--

DROP TABLE IF EXISTS `x$statements_with_sorting`;
/*!50001 DROP VIEW IF EXISTS `x$statements_with_sorting`*/;
SET @saved_cs_client     = @@character_set_client;
/*!50503 SET character_set_client = utf8mb4 */;
/*!50001 CREATE VIEW `x$statements_with_sorting` AS SELECT 
 1 AS `query`,
 1 AS `db`,
 1 AS `exec_count`,
 1 AS `total_latency`,
 1 AS `sort_merge_passes`,
 1 AS `avg_sort_merges`,
 1 AS `sorts_using_scans`,
 1 AS `sort_using_range`,
 1 AS `rows_sorted`,
 1 AS `avg_rows_sorted`,
 1 AS `first_seen`,
 1 AS `last_seen`,
 1 AS `digest`*/;
SET character_set_client = @saved_cs_client;

--
-- Temporary view structure for view `x$statements_with_temp_tables`
--

DROP TABLE IF EXISTS `x$statements_with_temp_tables`;
/*!50001 DROP VIEW IF EXISTS `x$statements_with_temp_tables`*/;
SET @saved_cs_client     = @@character_set_client;
/*!50503 SET character_set_client = utf8mb4 */;
/*!50001 CREATE VIEW `x$statements_with_temp_tables` AS SELECT 
 1 AS `query`,
 1 AS `db`,
 1 AS `exec_count`,
 1 AS `total_latency`,
 1 AS `memory_tmp_tables`,
 1 AS `disk_tmp_tables`,
 1 AS `avg_tmp_tables_per_query`,
 1 AS `tmp_tables_to_disk_pct`,
 1 AS `first_seen`,
 1 AS `last_seen`,
 1 AS `digest`*/;
SET character_set_client = @saved_cs_client;

--
-- Temporary view structure for view `x$user_summary`
--

DROP TABLE IF EXISTS `x$user_summary`;
/*!50001 DROP VIEW IF EXISTS `x$user_summary`*/;
SET @saved_cs_client     = @@character_set_client;
/*!50503 SET character_set_client = utf8mb4 */;
/*!50001 CREATE VIEW `x$user_summary` AS SELECT 
 1 AS `user`,
 1 AS `statements`,
 1 AS `statement_latency`,
 1 AS `statement_avg_latency`,
 1 AS `table_scans`,
 1 AS `file_ios`,
 1 AS `file_io_latency`,
 1 AS `current_connections`,
 1 AS `total_connections`,
 1 AS `unique_hosts`,
 1 AS `current_memory`,
 1 AS `total_memory_allocated`*/;
SET character_set_client = @saved_cs_client;

--
-- Temporary view structure for view `x$user_summary_by_file_io`
--

DROP TABLE IF EXISTS `x$user_summary_by_file_io`;
/*!50001 DROP VIEW IF EXISTS `x$user_summary_by_file_io`*/;
SET @saved_cs_client     = @@character_set_client;
/*!50503 SET character_set_client = utf8mb4 */;
/*!50001 CREATE VIEW `x$user_summary_by_file_io` AS SELECT 
 1 AS `user`,
 1 AS `ios`,
 1 AS `io_latency`*/;
SET character_set_client = @saved_cs_client;

--
-- Temporary view structure for view `x$user_summary_by_file_io_type`
--

DROP TABLE IF EXISTS `x$user_summary_by_file_io_type`;
/*!50001 DROP VIEW IF EXISTS `x$user_summary_by_file_io_type`*/;
SET @saved_cs_client     = @@character_set_client;
/*!50503 SET character_set_client = utf8mb4 */;
/*!50001 CREATE VIEW `x$user_summary_by_file_io_type` AS SELECT 
 1 AS `user`,
 1 AS `event_name`,
 1 AS `total`,
 1 AS `latency`,
 1 AS `max_latency`*/;
SET character_set_client = @saved_cs_client;

--
-- Temporary view structure for view `x$user_summary_by_stages`
--

DROP TABLE IF EXISTS `x$user_summary_by_stages`;
/*!50001 DROP VIEW IF EXISTS `x$user_summary_by_stages`*/;
SET @saved_cs_client     = @@character_set_client;
/*!50503 SET character_set_client = utf8mb4 */;
/*!50001 CREATE VIEW `x$user_summary_by_stages` AS SELECT 
 1 AS `user`,
 1 AS `event_name`,
 1 AS `total`,
 1 AS `total_latency`,
 1 AS `avg_latency`*/;
SET character_set_client = @saved_cs_client;

--
-- Temporary view structure for view `x$user_summary_by_statement_latency`
--

DROP TABLE IF EXISTS `x$user_summary_by_statement_latency`;
/*!50001 DROP VIEW IF EXISTS `x$user_summary_by_statement_latency`*/;
SET @saved_cs_client     = @@character_set_client;
/*!50503 SET character_set_client = utf8mb4 */;
/*!50001 CREATE VIEW `x$user_summary_by_statement_latency` AS SELECT 
 1 AS `user`,
 1 AS `total`,
 1 AS `total_latency`,
 1 AS `max_latency`,
 1 AS `lock_latency`,
 1 AS `cpu_latency`,
 1 AS `rows_sent`,
 1 AS `rows_examined`,
 1 AS `rows_affected`,
 1 AS `full_scans`*/;
SET character_set_client = @saved_cs_client;

--
-- Temporary view structure for view `x$user_summary_by_statement_type`
--

DROP TABLE IF EXISTS `x$user_summary_by_statement_type`;
/*!50001 DROP VIEW IF EXISTS `x$user_summary_by_statement_type`*/;
SET @saved_cs_client     = @@character_set_client;
/*!50503 SET character_set_client = utf8mb4 */;
/*!50001 CREATE VIEW `x$user_summary_by_statement_type` AS SELECT 
 1 AS `user`,
 1 AS `statement`,
 1 AS `total`,
 1 AS `total_latency`,
 1 AS `max_latency`,
 1 AS `lock_latency`,
 1 AS `cpu_latency`,
 1 AS `rows_sent`,
 1 AS `rows_examined`,
 1 AS `rows_affected`,
 1 AS `full_scans`*/;
SET character_set_client = @saved_cs_client;

--
-- Temporary view structure for view `x$wait_classes_global_by_avg_latency`
--

DROP TABLE IF EXISTS `x$wait_classes_global_by_avg_latency`;
/*!50001 DROP VIEW IF EXISTS `x$wait_classes_global_by_avg_latency`*/;
SET @saved_cs_client     = @@character_set_client;
/*!50503 SET character_set_client = utf8mb4 */;
/*!50001 CREATE VIEW `x$wait_classes_global_by_avg_latency` AS SELECT 
 1 AS `event_class`,
 1 AS `total`,
 1 AS `total_latency`,
 1 AS `min_latency`,
 1 AS `avg_latency`,
 1 AS `max_latency`*/;
SET character_set_client = @saved_cs_client;

--
-- Temporary view structure for view `x$wait_classes_global_by_latency`
--

DROP TABLE IF EXISTS `x$wait_classes_global_by_latency`;
/*!50001 DROP VIEW IF EXISTS `x$wait_classes_global_by_latency`*/;
SET @saved_cs_client     = @@character_set_client;
/*!50503 SET character_set_client = utf8mb4 */;
/*!50001 CREATE VIEW `x$wait_classes_global_by_latency` AS SELECT 
 1 AS `event_class`,
 1 AS `total`,
 1 AS `total_latency`,
 1 AS `min_latency`,
 1 AS `avg_latency`,
 1 AS `max_latency`*/;
SET character_set_client = @saved_cs_client;

--
-- Temporary view structure for view `x$waits_by_host_by_latency`
--

DROP TABLE IF EXISTS `x$waits_by_host_by_latency`;
/*!50001 DROP VIEW IF EXISTS `x$waits_by_host_by_latency`*/;
SET @saved_cs_client     = @@character_set_client;
/*!50503 SET character_set_client = utf8mb4 */;
/*!50001 CREATE VIEW `x$waits_by_host_by_latency` AS SELECT 
 1 AS `host`,
 1 AS `event`,
 1 AS `total`,
 1 AS `total_latency`,
 1 AS `avg_latency`,
 1 AS `max_latency`*/;
SET character_set_client = @saved_cs_client;

--
-- Temporary view structure for view `x$waits_by_user_by_latency`
--

DROP TABLE IF EXISTS `x$waits_by_user_by_latency`;
/*!50001 DROP VIEW IF EXISTS `x$waits_by_user_by_latency`*/;
SET @saved_cs_client     = @@character_set_client;
/*!50503 SET character_set_client = utf8mb4 */;
/*!50001 CREATE VIEW `x$waits_by_user_by_latency` AS SELECT 
 1 AS `user`,
 1 AS `event`,
 1 AS `total`,
 1 AS `total_latency`,
 1 AS `avg_latency`,
 1 AS `max_latency`*/;
SET character_set_client = @saved_cs_client;

--
-- Temporary view structure for view `x$waits_global_by_latency`
--

DROP TABLE IF EXISTS `x$waits_global_by_latency`;
/*!50001 DROP VIEW IF EXISTS `x$waits_global_by_latency`*/;
SET @saved_cs_client     = @@character_set_client;
/*!50503 SET character_set_client = utf8mb4 */;
/*!50001 CREATE VIEW `x$waits_global_by_latency` AS SELECT 
 1 AS `events`,
 1 AS `total`,
 1 AS `total_latency`,
 1 AS `avg_latency`,
 1 AS `max_latency`*/;
SET character_set_client = @saved_cs_client;

--
-- Final view structure for view `host_summary`
--

/*!50001 DROP VIEW IF EXISTS `host_summary`*/;
/*!50001 SET @saved_cs_client          = @@character_set_client */;
/*!50001 SET @saved_cs_results         = @@character_set_results */;
/*!50001 SET @saved_col_connection     = @@collation_connection */;
/*!50001 SET character_set_client      = utf8mb4 */;
/*!50001 SET character_set_results     = utf8mb4 */;
/*!50001 SET collation_connection      = utf8mb4_0900_ai_ci */;
/*!50001 CREATE ALGORITHM=TEMPTABLE */
/*!50013 DEFINER=`mysql.sys`@`localhost` SQL SECURITY INVOKER */
/*!50001 VIEW `host_summary` (`host`,`statements`,`statement_latency`,`statement_avg_latency`,`table_scans`,`file_ios`,`file_io_latency`,`current_connections`,`total_connections`,`unique_users`,`current_memory`,`total_memory_allocated`) AS select if((`performance_schema`.`accounts`.`HOST` is null),'background',`performance_schema`.`accounts`.`HOST`) AS `host`,sum(`stmt`.`total`) AS `statements`,format_pico_time(sum(`stmt`.`total_latency`)) AS `statement_latency`,format_pico_time(ifnull((sum(`stmt`.`total_latency`) / nullif(sum(`stmt`.`total`),0)),0)) AS `statement_avg_latency`,sum(`stmt`.`full_scans`) AS `table_scans`,sum(`io`.`ios`) AS `file_ios`,format_pico_time(sum(`io`.`io_latency`)) AS `file_io_latency`,sum(`performance_schema`.`accounts`.`CURRENT_CONNECTIONS`) AS `current_connections`,sum(`performance_schema`.`accounts`.`TOTAL_CONNECTIONS`) AS `total_connections`,count(distinct `performance_schema`.`accounts`.`USER`) AS `unique_users`,format_bytes(sum(`mem`.`current_allocated`)) AS `current_memory`,format_bytes(sum(`mem`.`total_allocated`)) AS `total_memory_allocated` from (((`performance_schema`.`accounts` join `x$host_summary_by_statement_latency` `stmt` on((`performance_schema`.`accounts`.`HOST` = `stmt`.`host`))) join `x$host_summary_by_file_io` `io` on((`performance_schema`.`accounts`.`HOST` = `io`.`host`))) join `x$memory_by_host_by_current_bytes` `mem` on((`performance_schema`.`accounts`.`HOST` = `mem`.`host`))) group by if((`performance_schema`.`accounts`.`HOST` is null),'background',`performance_schema`.`accounts`.`HOST`) */;
/*!50001 SET character_set_client      = @saved_cs_client */;
/*!50001 SET character_set_results     = @saved_cs_results */;
/*!50001 SET collation_connection      = @saved_col_connection */;

--
-- Final view structure for view `host_summary_by_file_io`
--

/*!50001 DROP VIEW IF EXISTS `host_summary_by_file_io`*/;
/*!50001 SET @saved_cs_client          = @@character_set_client */;
/*!50001 SET @saved_cs_results         = @@character_set_results */;
/*!50001 SET @saved_col_connection     = @@collation_connection */;
/*!50001 SET character_set_client      = utf8mb4 */;
/*!50001 SET character_set_results     = utf8mb4 */;
/*!50001 SET collation_connection      = utf8mb4_0900_ai_ci */;
/*!50001 CREATE ALGORITHM=TEMPTABLE */
/*!50013 DEFINER=`mysql.sys`@`localhost` SQL SECURITY INVOKER */
/*!50001 VIEW `host_summary_by_file_io` (`host`,`ios`,`io_latency`) AS select if((`performance_schema`.`events_waits_summary_by_host_by_event_name`.`HOST` is null),'background',`performance_schema`.`events_waits_summary_by_host_by_event_name`.`HOST`) AS `host`,sum(`performance_schema`.`events_waits_summary_by_host_by_event_name`.`COUNT_STAR`) AS `ios`,format_pico_time(sum(`performance_schema`.`events_waits_summary_by_host_by_event_name`.`SUM_TIMER_WAIT`)) AS `io_latency` from `performance_schema`.`events_waits_summary_by_host_by_event_name` where (`performance_schema`.`events_waits_summary_by_host_by_event_name`.`EVENT_NAME` like 'wait/io/file/%') group by if((`performance_schema`.`events_waits_summary_by_host_by_event_name`.`HOST` is null),'background',`performance_schema`.`events_waits_summary_by_host_by_event_name`.`HOST`) order by sum(`performance_schema`.`events_waits_summary_by_host_by_event_name`.`SUM_TIMER_WAIT`) desc */;
/*!50001 SET character_set_client      = @saved_cs_client */;
/*!50001 SET character_set_results     = @saved_cs_results */;
/*!50001 SET collation_connection      = @saved_col_connection */;

--
-- Final view structure for view `host_summary_by_file_io_type`
--

/*!50001 DROP VIEW IF EXISTS `host_summary_by_file_io_type`*/;
/*!50001 SET @saved_cs_client          = @@character_set_client */;
/*!50001 SET @saved_cs_results         = @@character_set_results */;
/*!50001 SET @saved_col_connection     = @@collation_connection */;
/*!50001 SET character_set_client      = utf8mb4 */;
/*!50001 SET character_set_results     = utf8mb4 */;
/*!50001 SET collation_connection      = utf8mb4_0900_ai_ci */;
/*!50001 CREATE ALGORITHM=MERGE */
/*!50013 DEFINER=`mysql.sys`@`localhost` SQL SECURITY INVOKER */
/*!50001 VIEW `host_summary_by_file_io_type` (`host`,`event_name`,`total`,`total_latency`,`max_latency`) AS select if((`performance_schema`.`events_waits_summary_by_host_by_event_name`.`HOST` is null),'background',`performance_schema`.`events_waits_summary_by_host_by_event_name`.`HOST`) AS `host`,`performance_schema`.`events_waits_summary_by_host_by_event_name`.`EVENT_NAME` AS `event_name`,`performance_schema`.`events_waits_summary_by_host_by_event_name`.`COUNT_STAR` AS `total`,format_pico_time(`performance_schema`.`events_waits_summary_by_host_by_event_name`.`SUM_TIMER_WAIT`) AS `total_latency`,format_pico_time(`performance_schema`.`events_waits_summary_by_host_by_event_name`.`MAX_TIMER_WAIT`) AS `max_latency` from `performance_schema`.`events_waits_summary_by_host_by_event_name` where ((`performance_schema`.`events_waits_summary_by_host_by_event_name`.`EVENT_NAME` like 'wait/io/file%') and (`performance_schema`.`events_waits_summary_by_host_by_event_name`.`COUNT_STAR` > 0)) order by if((`performance_schema`.`events_waits_summary_by_host_by_event_name`.`HOST` is null),'background',`performance_schema`.`events_waits_summary_by_host_by_event_name`.`HOST`),`performance_schema`.`events_waits_summary_by_host_by_event_name`.`SUM_TIMER_WAIT` desc */;
/*!50001 SET character_set_client      = @saved_cs_client */;
/*!50001 SET character_set_results     = @saved_cs_results */;
/*!50001 SET collation_connection      = @saved_col_connection */;

--
-- Final view structure for view `host_summary_by_stages`
--

/*!50001 DROP VIEW IF EXISTS `host_summary_by_stages`*/;
/*!50001 SET @saved_cs_client          = @@character_set_client */;
/*!50001 SET @saved_cs_results         = @@character_set_results */;
/*!50001 SET @saved_col_connection     = @@collation_connection */;
/*!50001 SET character_set_client      = utf8mb4 */;
/*!50001 SET character_set_results     = utf8mb4 */;
/*!50001 SET collation_connection      = utf8mb4_0900_ai_ci */;
/*!50001 CREATE ALGORITHM=MERGE */
/*!50013 DEFINER=`mysql.sys`@`localhost` SQL SECURITY INVOKER */
/*!50001 VIEW `host_summary_by_stages` (`host`,`event_name`,`total`,`total_latency`,`avg_latency`) AS select if((`performance_schema`.`events_stages_summary_by_host_by_event_name`.`HOST` is null),'background',`performance_schema`.`events_stages_summary_by_host_by_event_name`.`HOST`) AS `host`,`performance_schema`.`events_stages_summary_by_host_by_event_name`.`EVENT_NAME` AS `event_name`,`performance_schema`.`events_stages_summary_by_host_by_event_name`.`COUNT_STAR` AS `total`,format_pico_time(`performance_schema`.`events_stages_summary_by_host_by_event_name`.`SUM_TIMER_WAIT`) AS `total_latency`,format_pico_time(`performance_schema`.`events_stages_summary_by_host_by_event_name`.`AVG_TIMER_WAIT`) AS `avg_latency` from `performance_schema`.`events_stages_summary_by_host_by_event_name` where (`performance_schema`.`events_stages_summary_by_host_by_event_name`.`SUM_TIMER_WAIT` <> 0) order by if((`performance_schema`.`events_stages_summary_by_host_by_event_name`.`HOST` is null),'background',`performance_schema`.`events_stages_summary_by_host_by_event_name`.`HOST`),`performance_schema`.`events_stages_summary_by_host_by_event_name`.`SUM_TIMER_WAIT` desc */;
/*!50001 SET character_set_client      = @saved_cs_client */;
/*!50001 SET character_set_results     = @saved_cs_results */;
/*!50001 SET collation_connection      = @saved_col_connection */;

--
-- Final view structure for view `host_summary_by_statement_type`
--

/*!50001 DROP VIEW IF EXISTS `host_summary_by_statement_type`*/;
/*!50001 SET @saved_cs_client          = @@character_set_client */;
/*!50001 SET @saved_cs_results         = @@character_set_results */;
/*!50001 SET @saved_col_connection     = @@collation_connection */;
/*!50001 SET character_set_client      = utf8mb4 */;
/*!50001 SET character_set_results     = utf8mb4 */;
/*!50001 SET collation_connection      = utf8_general_ci */;
/*!50001 CREATE ALGORITHM=UNDEFINED */
/*!50013 DEFINER=`root`@`localhost` SQL SECURITY DEFINER */
/*!50001 VIEW `host_summary_by_statement_type` AS select 1 AS `host`,1 AS `statement`,1 AS `total`,1 AS `total_latency`,1 AS `max_latency`,1 AS `lock_latency`,1 AS `cpu_latency`,1 AS `rows_sent`,1 AS `rows_examined`,1 AS `rows_affected`,1 AS `full_scans` */;
/*!50001 SET character_set_client      = @saved_cs_client */;
/*!50001 SET character_set_results     = @saved_cs_results */;
/*!50001 SET collation_connection      = @saved_col_connection */;

--
-- Final view structure for view `innodb_buffer_stats_by_schema`
--

/*!50001 DROP VIEW IF EXISTS `innodb_buffer_stats_by_schema`*/;
/*!50001 SET @saved_cs_client          = @@character_set_client */;
/*!50001 SET @saved_cs_results         = @@character_set_results */;
/*!50001 SET @saved_col_connection     = @@collation_connection */;
/*!50001 SET character_set_client      = utf8mb4 */;
/*!50001 SET character_set_results     = utf8mb4 */;
/*!50001 SET collation_connection      = utf8_general_ci */;
/*!50001 CREATE ALGORITHM=UNDEFINED */
/*!50013 DEFINER=`root`@`localhost` SQL SECURITY DEFINER */
/*!50001 VIEW `innodb_buffer_stats_by_schema` AS select 1 AS `object_schema`,1 AS `allocated`,1 AS `data`,1 AS `pages`,1 AS `pages_hashed`,1 AS `pages_old`,1 AS `rows_cached` */;
/*!50001 SET character_set_client      = @saved_cs_client */;
/*!50001 SET character_set_results     = @saved_cs_results */;
/*!50001 SET collation_connection      = @saved_col_connection */;

--
-- Final view structure for view `innodb_buffer_stats_by_table`
--

/*!50001 DROP VIEW IF EXISTS `innodb_buffer_stats_by_table`*/;
/*!50001 SET @saved_cs_client          = @@character_set_client */;
/*!50001 SET @saved_cs_results         = @@character_set_results */;
/*!50001 SET @saved_col_connection     = @@collation_connection */;
/*!50001 SET character_set_client      = utf8mb4 */;
/*!50001 SET character_set_results     = utf8mb4 */;
/*!50001 SET collation_connection      = utf8_general_ci */;
/*!50001 CREATE ALGORITHM=UNDEFINED */
/*!50013 DEFINER=`root`@`localhost` SQL SECURITY DEFINER */
/*!50001 VIEW `innodb_buffer_stats_by_table` AS select 1 AS `object_schema`,1 AS `object_name`,1 AS `allocated`,1 AS `data`,1 AS `pages`,1 AS `pages_hashed`,1 AS `pages_old`,1 AS `rows_cached` */;
/*!50001 SET character_set_client      = @saved_cs_client */;
/*!50001 SET character_set_results     = @saved_cs_results */;
/*!50001 SET collation_connection      = @saved_col_connection */;

--
-- Final view structure for view `innodb_lock_waits`
--

/*!50001 DROP VIEW IF EXISTS `innodb_lock_waits`*/;
/*!50001 SET @saved_cs_client          = @@character_set_client */;
/*!50001 SET @saved_cs_results         = @@character_set_results */;
/*!50001 SET @saved_col_connection     = @@collation_connection */;
/*!50001 SET character_set_client      = utf8mb4 */;
/*!50001 SET character_set_results     = utf8mb4 */;
/*!50001 SET collation_connection      = utf8_general_ci */;
/*!50001 CREATE ALGORITHM=UNDEFINED */
/*!50013 DEFINER=`root`@`localhost` SQL SECURITY DEFINER */
/*!50001 VIEW `innodb_lock_waits` AS select 1 AS `wait_started`,1 AS `wait_age`,1 AS `wait_age_secs`,1 AS `locked_table`,1 AS `locked_table_schema`,1 AS `locked_table_name`,1 AS `locked_table_partition`,1 AS `locked_table_subpartition`,1 AS `locked_index`,1 AS `locked_type`,1 AS `waiting_trx_id`,1 AS `waiting_trx_started`,1 AS `waiting_trx_age`,1 AS `waiting_trx_rows_locked`,1 AS `waiting_trx_rows_modified`,1 AS `waiting_pid`,1 AS `waiting_query`,1 AS `waiting_lock_id`,1 AS `waiting_lock_mode`,1 AS `blocking_trx_id`,1 AS `blocking_pid`,1 AS `blocking_query`,1 AS `blocking_lock_id`,1 AS `blocking_lock_mode`,1 AS `blocking_trx_started`,1 AS `blocking_trx_age`,1 AS `blocking_trx_rows_locked`,1 AS `blocking_trx_rows_modified`,1 AS `sql_kill_blocking_query`,1 AS `sql_kill_blocking_connection` */;
/*!50001 SET character_set_client      = @saved_cs_client */;
/*!50001 SET character_set_results     = @saved_cs_results */;
/*!50001 SET collation_connection      = @saved_col_connection */;

--
-- Final view structure for view `io_by_thread_by_latency`
--

/*!50001 DROP VIEW IF EXISTS `io_by_thread_by_latency`*/;
/*!50001 SET @saved_cs_client          = @@character_set_client */;
/*!50001 SET @saved_cs_results         = @@character_set_results */;
/*!50001 SET @saved_col_connection     = @@collation_connection */;
/*!50001 SET character_set_client      = utf8mb4 */;
/*!50001 SET character_set_results     = utf8mb4 */;
/*!50001 SET collation_connection      = utf8_general_ci */;
/*!50001 CREATE ALGORITHM=UNDEFINED */
/*!50013 DEFINER=`root`@`localhost` SQL SECURITY DEFINER */
/*!50001 VIEW `io_by_thread_by_latency` AS select 1 AS `user`,1 AS `total`,1 AS `total_latency`,1 AS `min_latency`,1 AS `avg_latency`,1 AS `max_latency`,1 AS `thread_id`,1 AS `processlist_id` */;
/*!50001 SET character_set_client      = @saved_cs_client */;
/*!50001 SET character_set_results     = @saved_cs_results */;
/*!50001 SET collation_connection      = @saved_col_connection */;

--
-- Final view structure for view `io_global_by_file_by_bytes`
--

/*!50001 DROP VIEW IF EXISTS `io_global_by_file_by_bytes`*/;
/*!50001 SET @saved_cs_client          = @@character_set_client */;
/*!50001 SET @saved_cs_results         = @@character_set_results */;
/*!50001 SET @saved_col_connection     = @@collation_connection */;
/*!50001 SET character_set_client      = utf8mb4 */;
/*!50001 SET character_set_results     = utf8mb4 */;
/*!50001 SET collation_connection      = utf8_general_ci */;
/*!50001 CREATE ALGORITHM=UNDEFINED */
/*!50013 DEFINER=`root`@`localhost` SQL SECURITY DEFINER */
/*!50001 VIEW `io_global_by_file_by_bytes` AS select 1 AS `file`,1 AS `count_read`,1 AS `total_read`,1 AS `avg_read`,1 AS `count_write`,1 AS `total_written`,1 AS `avg_write`,1 AS `total`,1 AS `write_pct` */;
/*!50001 SET character_set_client      = @saved_cs_client */;
/*!50001 SET character_set_results     = @saved_cs_results */;
/*!50001 SET collation_connection      = @saved_col_connection */;

--
-- Final view structure for view `io_global_by_file_by_latency`
--

/*!50001 DROP VIEW IF EXISTS `io_global_by_file_by_latency`*/;
/*!50001 SET @saved_cs_client          = @@character_set_client */;
/*!50001 SET @saved_cs_results         = @@character_set_results */;
/*!50001 SET @saved_col_connection     = @@collation_connection */;
/*!50001 SET character_set_client      = utf8mb4 */;
/*!50001 SET character_set_results     = utf8mb4 */;
/*!50001 SET collation_connection      = utf8_general_ci */;
/*!50001 CREATE ALGORITHM=UNDEFINED */
/*!50013 DEFINER=`root`@`localhost` SQL SECURITY DEFINER */
/*!50001 VIEW `io_global_by_file_by_latency` AS select 1 AS `file`,1 AS `total`,1 AS `total_latency`,1 AS `count_read`,1 AS `read_latency`,1 AS `count_write`,1 AS `write_latency`,1 AS `count_misc`,1 AS `misc_latency` */;
/*!50001 SET character_set_client      = @saved_cs_client */;
/*!50001 SET character_set_results     = @saved_cs_results */;
/*!50001 SET collation_connection      = @saved_col_connection */;

--
-- Final view structure for view `io_global_by_wait_by_bytes`
--

/*!50001 DROP VIEW IF EXISTS `io_global_by_wait_by_bytes`*/;
/*!50001 SET @saved_cs_client          = @@character_set_client */;
/*!50001 SET @saved_cs_results         = @@character_set_results */;
/*!50001 SET @saved_col_connection     = @@collation_connection */;
/*!50001 SET character_set_client      = utf8mb4 */;
/*!50001 SET character_set_results     = utf8mb4 */;
/*!50001 SET collation_connection      = utf8_general_ci */;
/*!50001 CREATE ALGORITHM=UNDEFINED */
/*!50013 DEFINER=`root`@`localhost` SQL SECURITY DEFINER */
/*!50001 VIEW `io_global_by_wait_by_bytes` AS select 1 AS `event_name`,1 AS `total`,1 AS `total_latency`,1 AS `min_latency`,1 AS `avg_latency`,1 AS `max_latency`,1 AS `count_read`,1 AS `total_read`,1 AS `avg_read`,1 AS `count_write`,1 AS `total_written`,1 AS `avg_written`,1 AS `total_requested` */;
/*!50001 SET character_set_client      = @saved_cs_client */;
/*!50001 SET character_set_results     = @saved_cs_results */;
/*!50001 SET collation_connection      = @saved_col_connection */;

--
-- Final view structure for view `io_global_by_wait_by_latency`
--

/*!50001 DROP VIEW IF EXISTS `io_global_by_wait_by_latency`*/;
/*!50001 SET @saved_cs_client          = @@character_set_client */;
/*!50001 SET @saved_cs_results         = @@character_set_results */;
/*!50001 SET @saved_col_connection     = @@collation_connection */;
/*!50001 SET character_set_client      = utf8mb4 */;
/*!50001 SET character_set_results     = utf8mb4 */;
/*!50001 SET collation_connection      = utf8_general_ci */;
/*!50001 CREATE ALGORITHM=UNDEFINED */
/*!50013 DEFINER=`root`@`localhost` SQL SECURITY DEFINER */
/*!50001 VIEW `io_global_by_wait_by_latency` AS select 1 AS `event_name`,1 AS `total`,1 AS `total_latency`,1 AS `avg_latency`,1 AS `max_latency`,1 AS `read_latency`,1 AS `write_latency`,1 AS `misc_latency`,1 AS `count_read`,1 AS `total_read`,1 AS `avg_read`,1 AS `count_write`,1 AS `total_written`,1 AS `avg_written` */;
/*!50001 SET character_set_client      = @saved_cs_client */;
/*!50001 SET character_set_results     = @saved_cs_results */;
/*!50001 SET collation_connection      = @saved_col_connection */;

--
-- Final view structure for view `latest_file_io`
--

/*!50001 DROP VIEW IF EXISTS `latest_file_io`*/;
/*!50001 SET @saved_cs_client          = @@character_set_client */;
/*!50001 SET @saved_cs_results         = @@character_set_results */;
/*!50001 SET @saved_col_connection     = @@collation_connection */;
/*!50001 SET character_set_client      = utf8mb4 */;
/*!50001 SET character_set_results     = utf8mb4 */;
/*!50001 SET collation_connection      = utf8_general_ci */;
/*!50001 CREATE ALGORITHM=UNDEFINED */
/*!50013 DEFINER=`root`@`localhost` SQL SECURITY DEFINER */
/*!50001 VIEW `latest_file_io` AS select 1 AS `thread`,1 AS `file`,1 AS `latency`,1 AS `operation`,1 AS `requested` */;
/*!50001 SET character_set_client      = @saved_cs_client */;
/*!50001 SET character_set_results     = @saved_cs_results */;
/*!50001 SET collation_connection      = @saved_col_connection */;

--
-- Final view structure for view `memory_by_host_by_current_bytes`
--

/*!50001 DROP VIEW IF EXISTS `memory_by_host_by_current_bytes`*/;
/*!50001 SET @saved_cs_client          = @@character_set_client */;
/*!50001 SET @saved_cs_results         = @@character_set_results */;
/*!50001 SET @saved_col_connection     = @@collation_connection */;
/*!50001 SET character_set_client      = utf8mb4 */;
/*!50001 SET character_set_results     = utf8mb4 */;
/*!50001 SET collation_connection      = utf8_general_ci */;
/*!50001 CREATE ALGORITHM=UNDEFINED */
/*!50013 DEFINER=`root`@`localhost` SQL SECURITY DEFINER */
/*!50001 VIEW `memory_by_host_by_current_bytes` AS select 1 AS `host`,1 AS `current_count_used`,1 AS `current_allocated`,1 AS `current_avg_alloc`,1 AS `current_max_alloc`,1 AS `total_allocated` */;
/*!50001 SET character_set_client      = @saved_cs_client */;
/*!50001 SET character_set_results     = @saved_cs_results */;
/*!50001 SET collation_connection      = @saved_col_connection */;

--
-- Final view structure for view `memory_by_thread_by_current_bytes`
--

/*!50001 DROP VIEW IF EXISTS `memory_by_thread_by_current_bytes`*/;
/*!50001 SET @saved_cs_client          = @@character_set_client */;
/*!50001 SET @saved_cs_results         = @@character_set_results */;
/*!50001 SET @saved_col_connection     = @@collation_connection */;
/*!50001 SET character_set_client      = utf8mb4 */;
/*!50001 SET character_set_results     = utf8mb4 */;
/*!50001 SET collation_connection      = utf8_general_ci */;
/*!50001 CREATE ALGORITHM=UNDEFINED */
/*!50013 DEFINER=`root`@`localhost` SQL SECURITY DEFINER */
/*!50001 VIEW `memory_by_thread_by_current_bytes` AS select 1 AS `thread_id`,1 AS `user`,1 AS `current_count_used`,1 AS `current_allocated`,1 AS `current_avg_alloc`,1 AS `current_max_alloc`,1 AS `total_allocated` */;
/*!50001 SET character_set_client      = @saved_cs_client */;
/*!50001 SET character_set_results     = @saved_cs_results */;
/*!50001 SET collation_connection      = @saved_col_connection */;

--
-- Final view structure for view `memory_by_user_by_current_bytes`
--

/*!50001 DROP VIEW IF EXISTS `memory_by_user_by_current_bytes`*/;
/*!50001 SET @saved_cs_client          = @@character_set_client */;
/*!50001 SET @saved_cs_results         = @@character_set_results */;
/*!50001 SET @saved_col_connection     = @@collation_connection */;
/*!50001 SET character_set_client      = utf8mb4 */;
/*!50001 SET character_set_results     = utf8mb4 */;
/*!50001 SET collation_connection      = utf8_general_ci */;
/*!50001 CREATE ALGORITHM=UNDEFINED */
/*!50013 DEFINER=`root`@`localhost` SQL SECURITY DEFINER */
/*!50001 VIEW `memory_by_user_by_current_bytes` AS select 1 AS `user`,1 AS `current_count_used`,1 AS `current_allocated`,1 AS `current_avg_alloc`,1 AS `current_max_alloc`,1 AS `total_allocated` */;
/*!50001 SET character_set_client      = @saved_cs_client */;
/*!50001 SET character_set_results     = @saved_cs_results */;
/*!50001 SET collation_connection      = @saved_col_connection */;

--
-- Final view structure for view `memory_global_by_current_bytes`
--

/*!50001 DROP VIEW IF EXISTS `memory_global_by_current_bytes`*/;
/*!50001 SET @saved_cs_client          = @@character_set_client */;
/*!50001 SET @saved_cs_results         = @@character_set_results */;
/*!50001 SET @saved_col_connection     = @@collation_connection */;
/*!50001 SET character_set_client      = utf8mb4 */;
/*!50001 SET character_set_results     = utf8mb4 */;
/*!50001 SET collation_connection      = utf8_general_ci */;
/*!50001 CREATE ALGORITHM=UNDEFINED */
/*!50013 DEFINER=`root`@`localhost` SQL SECURITY DEFINER */
/*!50001 VIEW `memory_global_by_current_bytes` AS select 1 AS `event_name`,1 AS `current_count`,1 AS `current_alloc`,1 AS `current_avg_alloc`,1 AS `high_count`,1 AS `high_alloc`,1 AS `high_avg_alloc` */;
/*!50001 SET character_set_client      = @saved_cs_client */;
/*!50001 SET character_set_results     = @saved_cs_results */;
/*!50001 SET collation_connection      = @saved_col_connection */;

--
-- Final view structure for view `memory_global_total`
--

/*!50001 DROP VIEW IF EXISTS `memory_global_total`*/;
/*!50001 SET @saved_cs_client          = @@character_set_client */;
/*!50001 SET @saved_cs_results         = @@character_set_results */;
/*!50001 SET @saved_col_connection     = @@collation_connection */;
/*!50001 SET character_set_client      = utf8mb4 */;
/*!50001 SET character_set_results     = utf8mb4 */;
/*!50001 SET collation_connection      = utf8_general_ci */;
/*!50001 CREATE ALGORITHM=UNDEFINED */
/*!50013 DEFINER=`root`@`localhost` SQL SECURITY DEFINER */
/*!50001 VIEW `memory_global_total` AS select 1 AS `total_allocated` */;
/*!50001 SET character_set_client      = @saved_cs_client */;
/*!50001 SET character_set_results     = @saved_cs_results */;
/*!50001 SET collation_connection      = @saved_col_connection */;

--
-- Final view structure for view `metrics`
--

/*!50001 DROP VIEW IF EXISTS `metrics`*/;
/*!50001 SET @saved_cs_client          = @@character_set_client */;
/*!50001 SET @saved_cs_results         = @@character_set_results */;
/*!50001 SET @saved_col_connection     = @@collation_connection */;
/*!50001 SET character_set_client      = utf8mb4 */;
/*!50001 SET character_set_results     = utf8mb4 */;
/*!50001 SET collation_connection      = utf8_general_ci */;
/*!50001 CREATE ALGORITHM=UNDEFINED */
/*!50013 DEFINER=`root`@`localhost` SQL SECURITY DEFINER */
/*!50001 VIEW `metrics` AS select 1 AS `Variable_name`,1 AS `Variable_value`,1 AS `Type`,1 AS `Enabled` */;
/*!50001 SET character_set_client      = @saved_cs_client */;
/*!50001 SET character_set_results     = @saved_cs_results */;
/*!50001 SET collation_connection      = @saved_col_connection */;

--
-- Final view structure for view `processlist`
--

/*!50001 DROP VIEW IF EXISTS `processlist`*/;
/*!50001 SET @saved_cs_client          = @@character_set_client */;
/*!50001 SET @saved_cs_results         = @@character_set_results */;
/*!50001 SET @saved_col_connection     = @@collation_connection */;
/*!50001 SET character_set_client      = utf8mb4 */;
/*!50001 SET character_set_results     = utf8mb4 */;
/*!50001 SET collation_connection      = utf8_general_ci */;
/*!50001 CREATE ALGORITHM=UNDEFINED */
/*!50013 DEFINER=`root`@`localhost` SQL SECURITY DEFINER */
/*!50001 VIEW `processlist` AS select 1 AS `thd_id`,1 AS `conn_id`,1 AS `user`,1 AS `db`,1 AS `command`,1 AS `state`,1 AS `time`,1 AS `current_statement`,1 AS `statement_latency`,1 AS `progress`,1 AS `lock_latency`,1 AS `cpu_latency`,1 AS `rows_examined`,1 AS `rows_sent`,1 AS `rows_affected`,1 AS `tmp_tables`,1 AS `tmp_disk_tables`,1 AS `full_scan`,1 AS `last_statement`,1 AS `last_statement_latency`,1 AS `current_memory`,1 AS `last_wait`,1 AS `last_wait_latency`,1 AS `source`,1 AS `trx_latency`,1 AS `trx_state`,1 AS `trx_autocommit`,1 AS `pid`,1 AS `program_name` */;
/*!50001 SET character_set_client      = @saved_cs_client */;
/*!50001 SET character_set_results     = @saved_cs_results */;
/*!50001 SET collation_connection      = @saved_col_connection */;

--
-- Final view structure for view `ps_check_lost_instrumentation`
--

/*!50001 DROP VIEW IF EXISTS `ps_check_lost_instrumentation`*/;
/*!50001 SET @saved_cs_client          = @@character_set_client */;
/*!50001 SET @saved_cs_results         = @@character_set_results */;
/*!50001 SET @saved_col_connection     = @@collation_connection */;
/*!50001 SET character_set_client      = utf8mb4 */;
/*!50001 SET character_set_results     = utf8mb4 */;
/*!50001 SET collation_connection      = utf8_general_ci */;
/*!50001 CREATE ALGORITHM=UNDEFINED */
/*!50013 DEFINER=`root`@`localhost` SQL SECURITY DEFINER */
/*!50001 VIEW `ps_check_lost_instrumentation` AS select 1 AS `variable_name`,1 AS `variable_value` */;
/*!50001 SET character_set_client      = @saved_cs_client */;
/*!50001 SET character_set_results     = @saved_cs_results */;
/*!50001 SET collation_connection      = @saved_col_connection */;

--
-- Final view structure for view `schema_auto_increment_columns`
--

/*!50001 DROP VIEW IF EXISTS `schema_auto_increment_columns`*/;
/*!50001 SET @saved_cs_client          = @@character_set_client */;
/*!50001 SET @saved_cs_results         = @@character_set_results */;
/*!50001 SET @saved_col_connection     = @@collation_connection */;
/*!50001 SET character_set_client      = utf8mb4 */;
/*!50001 SET character_set_results     = utf8mb4 */;
/*!50001 SET collation_connection      = utf8_general_ci */;
/*!50001 CREATE ALGORITHM=UNDEFINED */
/*!50013 DEFINER=`root`@`localhost` SQL SECURITY DEFINER */
/*!50001 VIEW `schema_auto_increment_columns` AS select 1 AS `table_schema`,1 AS `table_name`,1 AS `column_name`,1 AS `data_type`,1 AS `column_type`,1 AS `is_signed`,1 AS `is_unsigned`,1 AS `max_value`,1 AS `auto_increment`,1 AS `auto_increment_ratio` */;
/*!50001 SET character_set_client      = @saved_cs_client */;
/*!50001 SET character_set_results     = @saved_cs_results */;
/*!50001 SET collation_connection      = @saved_col_connection */;

--
-- Final view structure for view `schema_index_statistics`
--

/*!50001 DROP VIEW IF EXISTS `schema_index_statistics`*/;
/*!50001 SET @saved_cs_client          = @@character_set_client */;
/*!50001 SET @saved_cs_results         = @@character_set_results */;
/*!50001 SET @saved_col_connection     = @@collation_connection */;
/*!50001 SET character_set_client      = utf8mb4 */;
/*!50001 SET character_set_results     = utf8mb4 */;
/*!50001 SET collation_connection      = utf8_general_ci */;
/*!50001 CREATE ALGORITHM=UNDEFINED */
/*!50013 DEFINER=`root`@`localhost` SQL SECURITY DEFINER */
/*!50001 VIEW `schema_index_statistics` AS select 1 AS `table_schema`,1 AS `table_name`,1 AS `index_name`,1 AS `rows_selected`,1 AS `select_latency`,1 AS `rows_inserted`,1 AS `insert_latency`,1 AS `rows_updated`,1 AS `update_latency`,1 AS `rows_deleted`,1 AS `delete_latency` */;
/*!50001 SET character_set_client      = @saved_cs_client */;
/*!50001 SET character_set_results     = @saved_cs_results */;
/*!50001 SET collation_connection      = @saved_col_connection */;

--
-- Final view structure for view `schema_object_overview`
--

/*!50001 DROP VIEW IF EXISTS `schema_object_overview`*/;
/*!50001 SET @saved_cs_client          = @@character_set_client */;
/*!50001 SET @saved_cs_results         = @@character_set_results */;
/*!50001 SET @saved_col_connection     = @@collation_connection */;
/*!50001 SET character_set_client      = utf8mb4 */;
/*!50001 SET character_set_results     = utf8mb4 */;
/*!50001 SET collation_connection      = utf8_general_ci */;
/*!50001 CREATE ALGORITHM=UNDEFINED */
/*!50013 DEFINER=`root`@`localhost` SQL SECURITY DEFINER */
/*!50001 VIEW `schema_object_overview` AS select 1 AS `db`,1 AS `object_type`,1 AS `count` */;
/*!50001 SET character_set_client      = @saved_cs_client */;
/*!50001 SET character_set_results     = @saved_cs_results */;
/*!50001 SET collation_connection      = @saved_col_connection */;

--
-- Final view structure for view `schema_redundant_indexes`
--

/*!50001 DROP VIEW IF EXISTS `schema_redundant_indexes`*/;
/*!50001 SET @saved_cs_client          = @@character_set_client */;
/*!50001 SET @saved_cs_results         = @@character_set_results */;
/*!50001 SET @saved_col_connection     = @@collation_connection */;
/*!50001 SET character_set_client      = utf8mb4 */;
/*!50001 SET character_set_results     = utf8mb4 */;
/*!50001 SET collation_connection      = utf8_general_ci */;
/*!50001 CREATE ALGORITHM=UNDEFINED */
/*!50013 DEFINER=`root`@`localhost` SQL SECURITY DEFINER */
/*!50001 VIEW `schema_redundant_indexes` AS select 1 AS `table_schema`,1 AS `table_name`,1 AS `redundant_index_name`,1 AS `redundant_index_columns`,1 AS `redundant_index_non_unique`,1 AS `dominant_index_name`,1 AS `dominant_index_columns`,1 AS `dominant_index_non_unique`,1 AS `subpart_exists`,1 AS `sql_drop_index` */;
/*!50001 SET character_set_client      = @saved_cs_client */;
/*!50001 SET character_set_results     = @saved_cs_results */;
/*!50001 SET collation_connection      = @saved_col_connection */;

--
-- Final view structure for view `schema_table_lock_waits`
--

/*!50001 DROP VIEW IF EXISTS `schema_table_lock_waits`*/;
/*!50001 SET @saved_cs_client          = @@character_set_client */;
/*!50001 SET @saved_cs_results         = @@character_set_results */;
/*!50001 SET @saved_col_connection     = @@collation_connection */;
/*!50001 SET character_set_client      = utf8mb4 */;
/*!50001 SET character_set_results     = utf8mb4 */;
/*!50001 SET collation_connection      = utf8_general_ci */;
/*!50001 CREATE ALGORITHM=UNDEFINED */
/*!50013 DEFINER=`root`@`localhost` SQL SECURITY DEFINER */
/*!50001 VIEW `schema_table_lock_waits` AS select 1 AS `object_schema`,1 AS `object_name`,1 AS `waiting_thread_id`,1 AS `waiting_pid`,1 AS `waiting_account`,1 AS `waiting_lock_type`,1 AS `waiting_lock_duration`,1 AS `waiting_query`,1 AS `waiting_query_secs`,1 AS `waiting_query_rows_affected`,1 AS `waiting_query_rows_examined`,1 AS `blocking_thread_id`,1 AS `blocking_pid`,1 AS `blocking_account`,1 AS `blocking_lock_type`,1 AS `blocking_lock_duration`,1 AS `sql_kill_blocking_query`,1 AS `sql_kill_blocking_connection` */;
/*!50001 SET character_set_client      = @saved_cs_client */;
/*!50001 SET character_set_results     = @saved_cs_results */;
/*!50001 SET collation_connection      = @saved_col_connection */;

--
-- Final view structure for view `schema_table_statistics`
--

/*!50001 DROP VIEW IF EXISTS `schema_table_statistics`*/;
/*!50001 SET @saved_cs_client          = @@character_set_client */;
/*!50001 SET @saved_cs_results         = @@character_set_results */;
/*!50001 SET @saved_col_connection     = @@collation_connection */;
/*!50001 SET character_set_client      = utf8mb4 */;
/*!50001 SET character_set_results     = utf8mb4 */;
/*!50001 SET collation_connection      = utf8_general_ci */;
/*!50001 CREATE ALGORITHM=UNDEFINED */
/*!50013 DEFINER=`root`@`localhost` SQL SECURITY DEFINER */
/*!50001 VIEW `schema_table_statistics` AS select 1 AS `table_schema`,1 AS `table_name`,1 AS `total_latency`,1 AS `rows_fetched`,1 AS `fetch_latency`,1 AS `rows_inserted`,1 AS `insert_latency`,1 AS `rows_updated`,1 AS `update_latency`,1 AS `rows_deleted`,1 AS `delete_latency`,1 AS `io_read_requests`,1 AS `io_read`,1 AS `io_read_latency`,1 AS `io_write_requests`,1 AS `io_write`,1 AS `io_write_latency`,1 AS `io_misc_requests`,1 AS `io_misc_latency` */;
/*!50001 SET character_set_client      = @saved_cs_client */;
/*!50001 SET character_set_results     = @saved_cs_results */;
/*!50001 SET collation_connection      = @saved_col_connection */;

--
-- Final view structure for view `schema_table_statistics_with_buffer`
--

/*!50001 DROP VIEW IF EXISTS `schema_table_statistics_with_buffer`*/;
/*!50001 SET @saved_cs_client          = @@character_set_client */;
/*!50001 SET @saved_cs_results         = @@character_set_results */;
/*!50001 SET @saved_col_connection     = @@collation_connection */;
/*!50001 SET character_set_client      = utf8mb4 */;
/*!50001 SET character_set_results     = utf8mb4 */;
/*!50001 SET collation_connection      = utf8_general_ci */;
/*!50001 CREATE ALGORITHM=UNDEFINED */
/*!50013 DEFINER=`root`@`localhost` SQL SECURITY DEFINER */
/*!50001 VIEW `schema_table_statistics_with_buffer` AS select 1 AS `table_schema`,1 AS `table_name`,1 AS `rows_fetched`,1 AS `fetch_latency`,1 AS `rows_inserted`,1 AS `insert_latency`,1 AS `rows_updated`,1 AS `update_latency`,1 AS `rows_deleted`,1 AS `delete_latency`,1 AS `io_read_requests`,1 AS `io_read`,1 AS `io_read_latency`,1 AS `io_write_requests`,1 AS `io_write`,1 AS `io_write_latency`,1 AS `io_misc_requests`,1 AS `io_misc_latency`,1 AS `innodb_buffer_allocated`,1 AS `innodb_buffer_data`,1 AS `innodb_buffer_free`,1 AS `innodb_buffer_pages`,1 AS `innodb_buffer_pages_hashed`,1 AS `innodb_buffer_pages_old`,1 AS `innodb_buffer_rows_cached` */;
/*!50001 SET character_set_client      = @saved_cs_client */;
/*!50001 SET character_set_results     = @saved_cs_results */;
/*!50001 SET collation_connection      = @saved_col_connection */;

--
-- Final view structure for view `schema_tables_with_full_table_scans`
--

/*!50001 DROP VIEW IF EXISTS `schema_tables_with_full_table_scans`*/;
/*!50001 SET @saved_cs_client          = @@character_set_client */;
/*!50001 SET @saved_cs_results         = @@character_set_results */;
/*!50001 SET @saved_col_connection     = @@collation_connection */;
/*!50001 SET character_set_client      = utf8mb4 */;
/*!50001 SET character_set_results     = utf8mb4 */;
/*!50001 SET collation_connection      = utf8_general_ci */;
/*!50001 CREATE ALGORITHM=UNDEFINED */
/*!50013 DEFINER=`root`@`localhost` SQL SECURITY DEFINER */
/*!50001 VIEW `schema_tables_with_full_table_scans` AS select 1 AS `object_schema`,1 AS `object_name`,1 AS `rows_full_scanned`,1 AS `latency` */;
/*!50001 SET character_set_client      = @saved_cs_client */;
/*!50001 SET character_set_results     = @saved_cs_results */;
/*!50001 SET collation_connection      = @saved_col_connection */;

--
-- Final view structure for view `schema_unused_indexes`
--

/*!50001 DROP VIEW IF EXISTS `schema_unused_indexes`*/;
/*!50001 SET @saved_cs_client          = @@character_set_client */;
/*!50001 SET @saved_cs_results         = @@character_set_results */;
/*!50001 SET @saved_col_connection     = @@collation_connection */;
/*!50001 SET character_set_client      = utf8mb4 */;
/*!50001 SET character_set_results     = utf8mb4 */;
/*!50001 SET collation_connection      = utf8_general_ci */;
/*!50001 CREATE ALGORITHM=UNDEFINED */
/*!50013 DEFINER=`root`@`localhost` SQL SECURITY DEFINER */
/*!50001 VIEW `schema_unused_indexes` AS select 1 AS `object_schema`,1 AS `object_name`,1 AS `index_name` */;
/*!50001 SET character_set_client      = @saved_cs_client */;
/*!50001 SET character_set_results     = @saved_cs_results */;
/*!50001 SET collation_connection      = @saved_col_connection */;

--
-- Final view structure for view `session`
--

/*!50001 DROP VIEW IF EXISTS `session`*/;
/*!50001 SET @saved_cs_client          = @@character_set_client */;
/*!50001 SET @saved_cs_results         = @@character_set_results */;
/*!50001 SET @saved_col_connection     = @@collation_connection */;
/*!50001 SET character_set_client      = utf8mb4 */;
/*!50001 SET character_set_results     = utf8mb4 */;
/*!50001 SET collation_connection      = utf8_general_ci */;
/*!50001 CREATE ALGORITHM=UNDEFINED */
/*!50013 DEFINER=`root`@`localhost` SQL SECURITY DEFINER */
/*!50001 VIEW `session` AS select 1 AS `thd_id`,1 AS `conn_id`,1 AS `user`,1 AS `db`,1 AS `command`,1 AS `state`,1 AS `time`,1 AS `current_statement`,1 AS `statement_latency`,1 AS `progress`,1 AS `lock_latency`,1 AS `cpu_latency`,1 AS `rows_examined`,1 AS `rows_sent`,1 AS `rows_affected`,1 AS `tmp_tables`,1 AS `tmp_disk_tables`,1 AS `full_scan`,1 AS `last_statement`,1 AS `last_statement_latency`,1 AS `current_memory`,1 AS `last_wait`,1 AS `last_wait_latency`,1 AS `source`,1 AS `trx_latency`,1 AS `trx_state`,1 AS `trx_autocommit`,1 AS `pid`,1 AS `program_name` */;
/*!50001 SET character_set_client      = @saved_cs_client */;
/*!50001 SET character_set_results     = @saved_cs_results */;
/*!50001 SET collation_connection      = @saved_col_connection */;

--
-- Final view structure for view `session_ssl_status`
--

/*!50001 DROP VIEW IF EXISTS `session_ssl_status`*/;
/*!50001 SET @saved_cs_client          = @@character_set_client */;
/*!50001 SET @saved_cs_results         = @@character_set_results */;
/*!50001 SET @saved_col_connection     = @@collation_connection */;
/*!50001 SET character_set_client      = utf8mb4 */;
/*!50001 SET character_set_results     = utf8mb4 */;
/*!50001 SET collation_connection      = utf8_general_ci */;
/*!50001 CREATE ALGORITHM=UNDEFINED */
/*!50013 DEFINER=`root`@`localhost` SQL SECURITY DEFINER */
/*!50001 VIEW `session_ssl_status` AS select 1 AS `thread_id`,1 AS `ssl_version`,1 AS `ssl_cipher`,1 AS `ssl_sessions_reused` */;
/*!50001 SET character_set_client      = @saved_cs_client */;
/*!50001 SET character_set_results     = @saved_cs_results */;
/*!50001 SET collation_connection      = @saved_col_connection */;

--
-- Final view structure for view `statement_analysis`
--

/*!50001 DROP VIEW IF EXISTS `statement_analysis`*/;
/*!50001 SET @saved_cs_client          = @@character_set_client */;
/*!50001 SET @saved_cs_results         = @@character_set_results */;
/*!50001 SET @saved_col_connection     = @@collation_connection */;
/*!50001 SET character_set_client      = utf8mb4 */;
/*!50001 SET character_set_results     = utf8mb4 */;
/*!50001 SET collation_connection      = utf8_general_ci */;
/*!50001 CREATE ALGORITHM=UNDEFINED */
/*!50013 DEFINER=`root`@`localhost` SQL SECURITY DEFINER */
/*!50001 VIEW `statement_analysis` AS select 1 AS `query`,1 AS `db`,1 AS `full_scan`,1 AS `exec_count`,1 AS `err_count`,1 AS `warn_count`,1 AS `total_latency`,1 AS `max_latency`,1 AS `avg_latency`,1 AS `lock_latency`,1 AS `cpu_latency`,1 AS `rows_sent`,1 AS `rows_sent_avg`,1 AS `rows_examined`,1 AS `rows_examined_avg`,1 AS `rows_affected`,1 AS `rows_affected_avg`,1 AS `tmp_tables`,1 AS `tmp_disk_tables`,1 AS `rows_sorted`,1 AS `sort_merge_passes`,1 AS `digest`,1 AS `first_seen`,1 AS `last_seen` */;
/*!50001 SET character_set_client      = @saved_cs_client */;
/*!50001 SET character_set_results     = @saved_cs_results */;
/*!50001 SET collation_connection      = @saved_col_connection */;

--
-- Final view structure for view `statements_with_errors_or_warnings`
--

/*!50001 DROP VIEW IF EXISTS `statements_with_errors_or_warnings`*/;
/*!50001 SET @saved_cs_client          = @@character_set_client */;
/*!50001 SET @saved_cs_results         = @@character_set_results */;
/*!50001 SET @saved_col_connection     = @@collation_connection */;
/*!50001 SET character_set_client      = utf8mb4 */;
/*!50001 SET character_set_results     = utf8mb4 */;
/*!50001 SET collation_connection      = utf8_general_ci */;
/*!50001 CREATE ALGORITHM=UNDEFINED */
/*!50013 DEFINER=`root`@`localhost` SQL SECURITY DEFINER */
/*!50001 VIEW `statements_with_errors_or_warnings` AS select 1 AS `query`,1 AS `db`,1 AS `exec_count`,1 AS `errors`,1 AS `error_pct`,1 AS `warnings`,1 AS `warning_pct`,1 AS `first_seen`,1 AS `last_seen`,1 AS `digest` */;
/*!50001 SET character_set_client      = @saved_cs_client */;
/*!50001 SET character_set_results     = @saved_cs_results */;
/*!50001 SET collation_connection      = @saved_col_connection */;

--
-- Final view structure for view `statements_with_full_table_scans`
--

/*!50001 DROP VIEW IF EXISTS `statements_with_full_table_scans`*/;
/*!50001 SET @saved_cs_client          = @@character_set_client */;
/*!50001 SET @saved_cs_results         = @@character_set_results */;
/*!50001 SET @saved_col_connection     = @@collation_connection */;
/*!50001 SET character_set_client      = utf8mb4 */;
/*!50001 SET character_set_results     = utf8mb4 */;
/*!50001 SET collation_connection      = utf8_general_ci */;
/*!50001 CREATE ALGORITHM=UNDEFINED */
/*!50013 DEFINER=`root`@`localhost` SQL SECURITY DEFINER */
/*!50001 VIEW `statements_with_full_table_scans` AS select 1 AS `query`,1 AS `db`,1 AS `exec_count`,1 AS `total_latency`,1 AS `no_index_used_count`,1 AS `no_good_index_used_count`,1 AS `no_index_used_pct`,1 AS `rows_sent`,1 AS `rows_examined`,1 AS `rows_sent_avg`,1 AS `rows_examined_avg`,1 AS `first_seen`,1 AS `last_seen`,1 AS `digest` */;
/*!50001 SET character_set_client      = @saved_cs_client */;
/*!50001 SET character_set_results     = @saved_cs_results */;
/*!50001 SET collation_connection      = @saved_col_connection */;

--
-- Final view structure for view `statements_with_runtimes_in_95th_percentile`
--

/*!50001 DROP VIEW IF EXISTS `statements_with_runtimes_in_95th_percentile`*/;
/*!50001 SET @saved_cs_client          = @@character_set_client */;
/*!50001 SET @saved_cs_results         = @@character_set_results */;
/*!50001 SET @saved_col_connection     = @@collation_connection */;
/*!50001 SET character_set_client      = utf8mb4 */;
/*!50001 SET character_set_results     = utf8mb4 */;
/*!50001 SET collation_connection      = utf8_general_ci */;
/*!50001 CREATE ALGORITHM=UNDEFINED */
/*!50013 DEFINER=`root`@`localhost` SQL SECURITY DEFINER */
/*!50001 VIEW `statements_with_runtimes_in_95th_percentile` AS select 1 AS `query`,1 AS `db`,1 AS `full_scan`,1 AS `exec_count`,1 AS `err_count`,1 AS `warn_count`,1 AS `total_latency`,1 AS `max_latency`,1 AS `avg_latency`,1 AS `rows_sent`,1 AS `rows_sent_avg`,1 AS `rows_examined`,1 AS `rows_examined_avg`,1 AS `first_seen`,1 AS `last_seen`,1 AS `digest` */;
/*!50001 SET character_set_client      = @saved_cs_client */;
/*!50001 SET character_set_results     = @saved_cs_results */;
/*!50001 SET collation_connection      = @saved_col_connection */;

--
-- Final view structure for view `statements_with_sorting`
--

/*!50001 DROP VIEW IF EXISTS `statements_with_sorting`*/;
/*!50001 SET @saved_cs_client          = @@character_set_client */;
/*!50001 SET @saved_cs_results         = @@character_set_results */;
/*!50001 SET @saved_col_connection     = @@collation_connection */;
/*!50001 SET character_set_client      = utf8mb4 */;
/*!50001 SET character_set_results     = utf8mb4 */;
/*!50001 SET collation_connection      = utf8_general_ci */;
/*!50001 CREATE ALGORITHM=UNDEFINED */
/*!50013 DEFINER=`root`@`localhost` SQL SECURITY DEFINER */
/*!50001 VIEW `statements_with_sorting` AS select 1 AS `query`,1 AS `db`,1 AS `exec_count`,1 AS `total_latency`,1 AS `sort_merge_passes`,1 AS `avg_sort_merges`,1 AS `sorts_using_scans`,1 AS `sort_using_range`,1 AS `rows_sorted`,1 AS `avg_rows_sorted`,1 AS `first_seen`,1 AS `last_seen`,1 AS `digest` */;
/*!50001 SET character_set_client      = @saved_cs_client */;
/*!50001 SET character_set_results     = @saved_cs_results */;
/*!50001 SET collation_connection      = @saved_col_connection */;

--
-- Final view structure for view `statements_with_temp_tables`
--

/*!50001 DROP VIEW IF EXISTS `statements_with_temp_tables`*/;
/*!50001 SET @saved_cs_client          = @@character_set_client */;
/*!50001 SET @saved_cs_results         = @@character_set_results */;
/*!50001 SET @saved_col_connection     = @@collation_connection */;
/*!50001 SET character_set_client      = utf8mb4 */;
/*!50001 SET character_set_results     = utf8mb4 */;
/*!50001 SET collation_connection      = utf8_general_ci */;
/*!50001 CREATE ALGORITHM=UNDEFINED */
/*!50013 DEFINER=`root`@`localhost` SQL SECURITY DEFINER */
/*!50001 VIEW `statements_with_temp_tables` AS select 1 AS `query`,1 AS `db`,1 AS `exec_count`,1 AS `total_latency`,1 AS `memory_tmp_tables`,1 AS `disk_tmp_tables`,1 AS `avg_tmp_tables_per_query`,1 AS `tmp_tables_to_disk_pct`,1 AS `first_seen`,1 AS `last_seen`,1 AS `digest` */;
/*!50001 SET character_set_client      = @saved_cs_client */;
/*!50001 SET character_set_results     = @saved_cs_results */;
/*!50001 SET collation_connection      = @saved_col_connection */;

--
-- Final view structure for view `user_summary`
--

/*!50001 DROP VIEW IF EXISTS `user_summary`*/;
/*!50001 SET @saved_cs_client          = @@character_set_client */;
/*!50001 SET @saved_cs_results         = @@character_set_results */;
/*!50001 SET @saved_col_connection     = @@collation_connection */;
/*!50001 SET character_set_client      = utf8mb4 */;
/*!50001 SET character_set_results     = utf8mb4 */;
/*!50001 SET collation_connection      = utf8_general_ci */;
/*!50001 CREATE ALGORITHM=UNDEFINED */
/*!50013 DEFINER=`root`@`localhost` SQL SECURITY DEFINER */
/*!50001 VIEW `user_summary` AS select 1 AS `user`,1 AS `statements`,1 AS `statement_latency`,1 AS `statement_avg_latency`,1 AS `table_scans`,1 AS `file_ios`,1 AS `file_io_latency`,1 AS `current_connections`,1 AS `total_connections`,1 AS `unique_hosts`,1 AS `current_memory`,1 AS `total_memory_allocated` */;
/*!50001 SET character_set_client      = @saved_cs_client */;
/*!50001 SET character_set_results     = @saved_cs_results */;
/*!50001 SET collation_connection      = @saved_col_connection */;

--
-- Final view structure for view `user_summary_by_file_io`
--

/*!50001 DROP VIEW IF EXISTS `user_summary_by_file_io`*/;
/*!50001 SET @saved_cs_client          = @@character_set_client */;
/*!50001 SET @saved_cs_results         = @@character_set_results */;
/*!50001 SET @saved_col_connection     = @@collation_connection */;
/*!50001 SET character_set_client      = utf8mb4 */;
/*!50001 SET character_set_results     = utf8mb4 */;
/*!50001 SET collation_connection      = utf8_general_ci */;
/*!50001 CREATE ALGORITHM=UNDEFINED */
/*!50013 DEFINER=`root`@`localhost` SQL SECURITY DEFINER */
/*!50001 VIEW `user_summary_by_file_io` AS select 1 AS `user`,1 AS `ios`,1 AS `io_latency` */;
/*!50001 SET character_set_client      = @saved_cs_client */;
/*!50001 SET character_set_results     = @saved_cs_results */;
/*!50001 SET collation_connection      = @saved_col_connection */;

--
-- Final view structure for view `user_summary_by_file_io_type`
--

/*!50001 DROP VIEW IF EXISTS `user_summary_by_file_io_type`*/;
/*!50001 SET @saved_cs_client          = @@character_set_client */;
/*!50001 SET @saved_cs_results         = @@character_set_results */;
/*!50001 SET @saved_col_connection     = @@collation_connection */;
/*!50001 SET character_set_client      = utf8mb4 */;
/*!50001 SET character_set_results     = utf8mb4 */;
/*!50001 SET collation_connection      = utf8_general_ci */;
/*!50001 CREATE ALGORITHM=UNDEFINED */
/*!50013 DEFINER=`root`@`localhost` SQL SECURITY DEFINER */
/*!50001 VIEW `user_summary_by_file_io_type` AS select 1 AS `user`,1 AS `event_name`,1 AS `total`,1 AS `latency`,1 AS `max_latency` */;
/*!50001 SET character_set_client      = @saved_cs_client */;
/*!50001 SET character_set_results     = @saved_cs_results */;
/*!50001 SET collation_connection      = @saved_col_connection */;

--
-- Final view structure for view `user_summary_by_stages`
--

/*!50001 DROP VIEW IF EXISTS `user_summary_by_stages`*/;
/*!50001 SET @saved_cs_client          = @@character_set_client */;
/*!50001 SET @saved_cs_results         = @@character_set_results */;
/*!50001 SET @saved_col_connection     = @@collation_connection */;
/*!50001 SET character_set_client      = utf8mb4 */;
/*!50001 SET character_set_results     = utf8mb4 */;
/*!50001 SET collation_connection      = utf8_general_ci */;
/*!50001 CREATE ALGORITHM=UNDEFINED */
/*!50013 DEFINER=`root`@`localhost` SQL SECURITY DEFINER */
/*!50001 VIEW `user_summary_by_stages` AS select 1 AS `user`,1 AS `event_name`,1 AS `total`,1 AS `total_latency`,1 AS `avg_latency` */;
/*!50001 SET character_set_client      = @saved_cs_client */;
/*!50001 SET character_set_results     = @saved_cs_results */;
/*!50001 SET collation_connection      = @saved_col_connection */;

--
-- Final view structure for view `user_summary_by_statement_latency`
--

/*!50001 DROP VIEW IF EXISTS `user_summary_by_statement_latency`*/;
/*!50001 SET @saved_cs_client          = @@character_set_client */;
/*!50001 SET @saved_cs_results         = @@character_set_results */;
/*!50001 SET @saved_col_connection     = @@collation_connection */;
/*!50001 SET character_set_client      = utf8mb4 */;
/*!50001 SET character_set_results     = utf8mb4 */;
/*!50001 SET collation_connection      = utf8_general_ci */;
/*!50001 CREATE ALGORITHM=UNDEFINED */
/*!50013 DEFINER=`root`@`localhost` SQL SECURITY DEFINER */
/*!50001 VIEW `user_summary_by_statement_latency` AS select 1 AS `user`,1 AS `total`,1 AS `total_latency`,1 AS `max_latency`,1 AS `lock_latency`,1 AS `cpu_latency`,1 AS `rows_sent`,1 AS `rows_examined`,1 AS `rows_affected`,1 AS `full_scans` */;
/*!50001 SET character_set_client      = @saved_cs_client */;
/*!50001 SET character_set_results     = @saved_cs_results */;
/*!50001 SET collation_connection      = @saved_col_connection */;

--
-- Final view structure for view `user_summary_by_statement_type`
--

/*!50001 DROP VIEW IF EXISTS `user_summary_by_statement_type`*/;
/*!50001 SET @saved_cs_client          = @@character_set_client */;
/*!50001 SET @saved_cs_results         = @@character_set_results */;
/*!50001 SET @saved_col_connection     = @@collation_connection */;
/*!50001 SET character_set_client      = utf8mb4 */;
/*!50001 SET character_set_results     = utf8mb4 */;
/*!50001 SET collation_connection      = utf8_general_ci */;
/*!50001 CREATE ALGORITHM=UNDEFINED */
/*!50013 DEFINER=`root`@`localhost` SQL SECURITY DEFINER */
/*!50001 VIEW `user_summary_by_statement_type` AS select 1 AS `user`,1 AS `statement`,1 AS `total`,1 AS `total_latency`,1 AS `max_latency`,1 AS `lock_latency`,1 AS `cpu_latency`,1 AS `rows_sent`,1 AS `rows_examined`,1 AS `rows_affected`,1 AS `full_scans` */;
/*!50001 SET character_set_client      = @saved_cs_client */;
/*!50001 SET character_set_results     = @saved_cs_results */;
/*!50001 SET collation_connection      = @saved_col_connection */;

--
-- Final view structure for view `version`
--

/*!50001 DROP VIEW IF EXISTS `version`*/;
/*!50001 SET @saved_cs_client          = @@character_set_client */;
/*!50001 SET @saved_cs_results         = @@character_set_results */;
/*!50001 SET @saved_col_connection     = @@collation_connection */;
/*!50001 SET character_set_client      = utf8mb4 */;
/*!50001 SET character_set_results     = utf8mb4 */;
/*!50001 SET collation_connection      = utf8_general_ci */;
/*!50001 CREATE ALGORITHM=UNDEFINED */
/*!50013 DEFINER=`root`@`localhost` SQL SECURITY DEFINER */
/*!50001 VIEW `version` AS select 1 AS `sys_version`,1 AS `mysql_version` */;
/*!50001 SET character_set_client      = @saved_cs_client */;
/*!50001 SET character_set_results     = @saved_cs_results */;
/*!50001 SET collation_connection      = @saved_col_connection */;

--
-- Final view structure for view `wait_classes_global_by_avg_latency`
--

/*!50001 DROP VIEW IF EXISTS `wait_classes_global_by_avg_latency`*/;
/*!50001 SET @saved_cs_client          = @@character_set_client */;
/*!50001 SET @saved_cs_results         = @@character_set_results */;
/*!50001 SET @saved_col_connection     = @@collation_connection */;
/*!50001 SET character_set_client      = utf8mb4 */;
/*!50001 SET character_set_results     = utf8mb4 */;
/*!50001 SET collation_connection      = utf8_general_ci */;
/*!50001 CREATE ALGORITHM=UNDEFINED */
/*!50013 DEFINER=`root`@`localhost` SQL SECURITY DEFINER */
/*!50001 VIEW `wait_classes_global_by_avg_latency` AS select 1 AS `event_class`,1 AS `total`,1 AS `total_latency`,1 AS `min_latency`,1 AS `avg_latency`,1 AS `max_latency` */;
/*!50001 SET character_set_client      = @saved_cs_client */;
/*!50001 SET character_set_results     = @saved_cs_results */;
/*!50001 SET collation_connection      = @saved_col_connection */;

--
-- Final view structure for view `wait_classes_global_by_latency`
--

/*!50001 DROP VIEW IF EXISTS `wait_classes_global_by_latency`*/;
/*!50001 SET @saved_cs_client          = @@character_set_client */;
/*!50001 SET @saved_cs_results         = @@character_set_results */;
/*!50001 SET @saved_col_connection     = @@collation_connection */;
/*!50001 SET character_set_client      = utf8mb4 */;
/*!50001 SET character_set_results     = utf8mb4 */;
/*!50001 SET collation_connection      = utf8_general_ci */;
/*!50001 CREATE ALGORITHM=UNDEFINED */
/*!50013 DEFINER=`root`@`localhost` SQL SECURITY DEFINER */
/*!50001 VIEW `wait_classes_global_by_latency` AS select 1 AS `event_class`,1 AS `total`,1 AS `total_latency`,1 AS `min_latency`,1 AS `avg_latency`,1 AS `max_latency` */;
/*!50001 SET character_set_client      = @saved_cs_client */;
/*!50001 SET character_set_results     = @saved_cs_results */;
/*!50001 SET collation_connection      = @saved_col_connection */;

--
-- Final view structure for view `waits_by_host_by_latency`
--

/*!50001 DROP VIEW IF EXISTS `waits_by_host_by_latency`*/;
/*!50001 SET @saved_cs_client          = @@character_set_client */;
/*!50001 SET @saved_cs_results         = @@character_set_results */;
/*!50001 SET @saved_col_connection     = @@collation_connection */;
/*!50001 SET character_set_client      = utf8mb4 */;
/*!50001 SET character_set_results     = utf8mb4 */;
/*!50001 SET collation_connection      = utf8_general_ci */;
/*!50001 CREATE ALGORITHM=UNDEFINED */
/*!50013 DEFINER=`root`@`localhost` SQL SECURITY DEFINER */
/*!50001 VIEW `waits_by_host_by_latency` AS select 1 AS `host`,1 AS `event`,1 AS `total`,1 AS `total_latency`,1 AS `avg_latency`,1 AS `max_latency` */;
/*!50001 SET character_set_client      = @saved_cs_client */;
/*!50001 SET character_set_results     = @saved_cs_results */;
/*!50001 SET collation_connection      = @saved_col_connection */;

--
-- Final view structure for view `waits_by_user_by_latency`
--

/*!50001 DROP VIEW IF EXISTS `waits_by_user_by_latency`*/;
/*!50001 SET @saved_cs_client          = @@character_set_client */;
/*!50001 SET @saved_cs_results         = @@character_set_results */;
/*!50001 SET @saved_col_connection     = @@collation_connection */;
/*!50001 SET character_set_client      = utf8mb4 */;
/*!50001 SET character_set_results     = utf8mb4 */;
/*!50001 SET collation_connection      = utf8_general_ci */;
/*!50001 CREATE ALGORITHM=UNDEFINED */
/*!50013 DEFINER=`root`@`localhost` SQL SECURITY DEFINER */
/*!50001 VIEW `waits_by_user_by_latency` AS select 1 AS `user`,1 AS `event`,1 AS `total`,1 AS `total_latency`,1 AS `avg_latency`,1 AS `max_latency` */;
/*!50001 SET character_set_client      = @saved_cs_client */;
/*!50001 SET character_set_results     = @saved_cs_results */;
/*!50001 SET collation_connection      = @saved_col_connection */;

--
-- Final view structure for view `waits_global_by_latency`
--

/*!50001 DROP VIEW IF EXISTS `waits_global_by_latency`*/;
/*!50001 SET @saved_cs_client          = @@character_set_client */;
/*!50001 SET @saved_cs_results         = @@character_set_results */;
/*!50001 SET @saved_col_connection     = @@collation_connection */;
/*!50001 SET character_set_client      = utf8mb4 */;
/*!50001 SET character_set_results     = utf8mb4 */;
/*!50001 SET collation_connection      = utf8_general_ci */;
/*!50001 CREATE ALGORITHM=UNDEFINED */
/*!50013 DEFINER=`root`@`localhost` SQL SECURITY DEFINER */
/*!50001 VIEW `waits_global_by_latency` AS select 1 AS `events`,1 AS `total`,1 AS `total_latency`,1 AS `avg_latency`,1 AS `max_latency` */;
/*!50001 SET character_set_client      = @saved_cs_client */;
/*!50001 SET character_set_results     = @saved_cs_results */;
/*!50001 SET collation_connection      = @saved_col_connection */;

--
-- Final view structure for view `x$host_summary`
--

/*!50001 DROP VIEW IF EXISTS `x$host_summary`*/;
/*!50001 SET @saved_cs_client          = @@character_set_client */;
/*!50001 SET @saved_cs_results         = @@character_set_results */;
/*!50001 SET @saved_col_connection     = @@collation_connection */;
/*!50001 SET character_set_client      = utf8mb4 */;
/*!50001 SET character_set_results     = utf8mb4 */;
/*!50001 SET collation_connection      = utf8_general_ci */;
/*!50001 CREATE ALGORITHM=UNDEFINED */
/*!50013 DEFINER=`root`@`localhost` SQL SECURITY DEFINER */
/*!50001 VIEW `x$host_summary` AS select 1 AS `host`,1 AS `statements`,1 AS `statement_latency`,1 AS `statement_avg_latency`,1 AS `table_scans`,1 AS `file_ios`,1 AS `file_io_latency`,1 AS `current_connections`,1 AS `total_connections`,1 AS `unique_users`,1 AS `current_memory`,1 AS `total_memory_allocated` */;
/*!50001 SET character_set_client      = @saved_cs_client */;
/*!50001 SET character_set_results     = @saved_cs_results */;
/*!50001 SET collation_connection      = @saved_col_connection */;

--
-- Final view structure for view `x$host_summary_by_file_io`
--

/*!50001 DROP VIEW IF EXISTS `x$host_summary_by_file_io`*/;
/*!50001 SET @saved_cs_client          = @@character_set_client */;
/*!50001 SET @saved_cs_results         = @@character_set_results */;
/*!50001 SET @saved_col_connection     = @@collation_connection */;
/*!50001 SET character_set_client      = utf8mb4 */;
/*!50001 SET character_set_results     = utf8mb4 */;
/*!50001 SET collation_connection      = utf8_general_ci */;
/*!50001 CREATE ALGORITHM=UNDEFINED */
/*!50013 DEFINER=`root`@`localhost` SQL SECURITY DEFINER */
/*!50001 VIEW `x$host_summary_by_file_io` AS select 1 AS `host`,1 AS `ios`,1 AS `io_latency` */;
/*!50001 SET character_set_client      = @saved_cs_client */;
/*!50001 SET character_set_results     = @saved_cs_results */;
/*!50001 SET collation_connection      = @saved_col_connection */;

--
-- Final view structure for view `x$host_summary_by_file_io_type`
--

/*!50001 DROP VIEW IF EXISTS `x$host_summary_by_file_io_type`*/;
/*!50001 SET @saved_cs_client          = @@character_set_client */;
/*!50001 SET @saved_cs_results         = @@character_set_results */;
/*!50001 SET @saved_col_connection     = @@collation_connection */;
/*!50001 SET character_set_client      = utf8mb4 */;
/*!50001 SET character_set_results     = utf8mb4 */;
/*!50001 SET collation_connection      = utf8_general_ci */;
/*!50001 CREATE ALGORITHM=UNDEFINED */
/*!50013 DEFINER=`root`@`localhost` SQL SECURITY DEFINER */
/*!50001 VIEW `x$host_summary_by_file_io_type` AS select 1 AS `host`,1 AS `event_name`,1 AS `total`,1 AS `total_latency`,1 AS `max_latency` */;
/*!50001 SET character_set_client      = @saved_cs_client */;
/*!50001 SET character_set_results     = @saved_cs_results */;
/*!50001 SET collation_connection      = @saved_col_connection */;

--
-- Final view structure for view `x$host_summary_by_stages`
--

/*!50001 DROP VIEW IF EXISTS `x$host_summary_by_stages`*/;
/*!50001 SET @saved_cs_client          = @@character_set_client */;
/*!50001 SET @saved_cs_results         = @@character_set_results */;
/*!50001 SET @saved_col_connection     = @@collation_connection */;
/*!50001 SET character_set_client      = utf8mb4 */;
/*!50001 SET character_set_results     = utf8mb4 */;
/*!50001 SET collation_connection      = utf8_general_ci */;
/*!50001 CREATE ALGORITHM=UNDEFINED */
/*!50013 DEFINER=`root`@`localhost` SQL SECURITY DEFINER */
/*!50001 VIEW `x$host_summary_by_stages` AS select 1 AS `host`,1 AS `event_name`,1 AS `total`,1 AS `total_latency`,1 AS `avg_latency` */;
/*!50001 SET character_set_client      = @saved_cs_client */;
/*!50001 SET character_set_results     = @saved_cs_results */;
/*!50001 SET collation_connection      = @saved_col_connection */;

--
-- Final view structure for view `x$host_summary_by_statement_latency`
--

/*!50001 DROP VIEW IF EXISTS `x$host_summary_by_statement_latency`*/;
/*!50001 SET @saved_cs_client          = @@character_set_client */;
/*!50001 SET @saved_cs_results         = @@character_set_results */;
/*!50001 SET @saved_col_connection     = @@collation_connection */;
/*!50001 SET character_set_client      = utf8mb4 */;
/*!50001 SET character_set_results     = utf8mb4 */;
/*!50001 SET collation_connection      = utf8_general_ci */;
/*!50001 CREATE ALGORITHM=UNDEFINED */
/*!50013 DEFINER=`root`@`localhost` SQL SECURITY DEFINER */
/*!50001 VIEW `x$host_summary_by_statement_latency` AS select 1 AS `host`,1 AS `total`,1 AS `total_latency`,1 AS `max_latency`,1 AS `lock_latency`,1 AS `cpu_latency`,1 AS `rows_sent`,1 AS `rows_examined`,1 AS `rows_affected`,1 AS `full_scans` */;
/*!50001 SET character_set_client      = @saved_cs_client */;
/*!50001 SET character_set_results     = @saved_cs_results */;
/*!50001 SET collation_connection      = @saved_col_connection */;

--
-- Final view structure for view `x$host_summary_by_statement_type`
--

/*!50001 DROP VIEW IF EXISTS `x$host_summary_by_statement_type`*/;
/*!50001 SET @saved_cs_client          = @@character_set_client */;
/*!50001 SET @saved_cs_results         = @@character_set_results */;
/*!50001 SET @saved_col_connection     = @@collation_connection */;
/*!50001 SET character_set_client      = utf8mb4 */;
/*!50001 SET character_set_results     = utf8mb4 */;
/*!50001 SET collation_connection      = utf8_general_ci */;
/*!50001 CREATE ALGORITHM=UNDEFINED */
/*!50013 DEFINER=`root`@`localhost` SQL SECURITY DEFINER */
/*!50001 VIEW `x$host_summary_by_statement_type` AS select 1 AS `host`,1 AS `statement`,1 AS `total`,1 AS `total_latency`,1 AS `max_latency`,1 AS `lock_latency`,1 AS `cpu_latency`,1 AS `rows_sent`,1 AS `rows_examined`,1 AS `rows_affected`,1 AS `full_scans` */;
/*!50001 SET character_set_client      = @saved_cs_client */;
/*!50001 SET character_set_results     = @saved_cs_results */;
/*!50001 SET collation_connection      = @saved_col_connection */;

--
-- Final view structure for view `x$innodb_buffer_stats_by_schema`
--

/*!50001 DROP VIEW IF EXISTS `x$innodb_buffer_stats_by_schema`*/;
/*!50001 SET @saved_cs_client          = @@character_set_client */;
/*!50001 SET @saved_cs_results         = @@character_set_results */;
/*!50001 SET @saved_col_connection     = @@collation_connection */;
/*!50001 SET character_set_client      = utf8mb4 */;
/*!50001 SET character_set_results     = utf8mb4 */;
/*!50001 SET collation_connection      = utf8_general_ci */;
/*!50001 CREATE ALGORITHM=UNDEFINED */
/*!50013 DEFINER=`root`@`localhost` SQL SECURITY DEFINER */
/*!50001 VIEW `x$innodb_buffer_stats_by_schema` AS select 1 AS `object_schema`,1 AS `allocated`,1 AS `data`,1 AS `pages`,1 AS `pages_hashed`,1 AS `pages_old`,1 AS `rows_cached` */;
/*!50001 SET character_set_client      = @saved_cs_client */;
/*!50001 SET character_set_results     = @saved_cs_results */;
/*!50001 SET collation_connection      = @saved_col_connection */;

--
-- Final view structure for view `x$innodb_buffer_stats_by_table`
--

/*!50001 DROP VIEW IF EXISTS `x$innodb_buffer_stats_by_table`*/;
/*!50001 SET @saved_cs_client          = @@character_set_client */;
/*!50001 SET @saved_cs_results         = @@character_set_results */;
/*!50001 SET @saved_col_connection     = @@collation_connection */;
/*!50001 SET character_set_client      = utf8mb4 */;
/*!50001 SET character_set_results     = utf8mb4 */;
/*!50001 SET collation_connection      = utf8_general_ci */;
/*!50001 CREATE ALGORITHM=UNDEFINED */
/*!50013 DEFINER=`root`@`localhost` SQL SECURITY DEFINER */
/*!50001 VIEW `x$innodb_buffer_stats_by_table` AS select 1 AS `object_schema`,1 AS `object_name`,1 AS `allocated`,1 AS `data`,1 AS `pages`,1 AS `pages_hashed`,1 AS `pages_old`,1 AS `rows_cached` */;
/*!50001 SET character_set_client      = @saved_cs_client */;
/*!50001 SET character_set_results     = @saved_cs_results */;
/*!50001 SET collation_connection      = @saved_col_connection */;

--
-- Final view structure for view `x$innodb_lock_waits`
--

/*!50001 DROP VIEW IF EXISTS `x$innodb_lock_waits`*/;
/*!50001 SET @saved_cs_client          = @@character_set_client */;
/*!50001 SET @saved_cs_results         = @@character_set_results */;
/*!50001 SET @saved_col_connection     = @@collation_connection */;
/*!50001 SET character_set_client      = utf8mb4 */;
/*!50001 SET character_set_results     = utf8mb4 */;
/*!50001 SET collation_connection      = utf8_general_ci */;
/*!50001 CREATE ALGORITHM=UNDEFINED */
/*!50013 DEFINER=`root`@`localhost` SQL SECURITY DEFINER */
/*!50001 VIEW `x$innodb_lock_waits` AS select 1 AS `wait_started`,1 AS `wait_age`,1 AS `wait_age_secs`,1 AS `locked_table`,1 AS `locked_table_schema`,1 AS `locked_table_name`,1 AS `locked_table_partition`,1 AS `locked_table_subpartition`,1 AS `locked_index`,1 AS `locked_type`,1 AS `waiting_trx_id`,1 AS `waiting_trx_started`,1 AS `waiting_trx_age`,1 AS `waiting_trx_rows_locked`,1 AS `waiting_trx_rows_modified`,1 AS `waiting_pid`,1 AS `waiting_query`,1 AS `waiting_lock_id`,1 AS `waiting_lock_mode`,1 AS `blocking_trx_id`,1 AS `blocking_pid`,1 AS `blocking_query`,1 AS `blocking_lock_id`,1 AS `blocking_lock_mode`,1 AS `blocking_trx_started`,1 AS `blocking_trx_age`,1 AS `blocking_trx_rows_locked`,1 AS `blocking_trx_rows_modified`,1 AS `sql_kill_blocking_query`,1 AS `sql_kill_blocking_connection` */;
/*!50001 SET character_set_client      = @saved_cs_client */;
/*!50001 SET character_set_results     = @saved_cs_results */;
/*!50001 SET collation_connection      = @saved_col_connection */;

--
-- Final view structure for view `x$io_by_thread_by_latency`
--

/*!50001 DROP VIEW IF EXISTS `x$io_by_thread_by_latency`*/;
/*!50001 SET @saved_cs_client          = @@character_set_client */;
/*!50001 SET @saved_cs_results         = @@character_set_results */;
/*!50001 SET @saved_col_connection     = @@collation_connection */;
/*!50001 SET character_set_client      = utf8mb4 */;
/*!50001 SET character_set_results     = utf8mb4 */;
/*!50001 SET collation_connection      = utf8_general_ci */;
/*!50001 CREATE ALGORITHM=UNDEFINED */
/*!50013 DEFINER=`root`@`localhost` SQL SECURITY DEFINER */
/*!50001 VIEW `x$io_by_thread_by_latency` AS select 1 AS `user`,1 AS `total`,1 AS `total_latency`,1 AS `min_latency`,1 AS `avg_latency`,1 AS `max_latency`,1 AS `thread_id`,1 AS `processlist_id` */;
/*!50001 SET character_set_client      = @saved_cs_client */;
/*!50001 SET character_set_results     = @saved_cs_results */;
/*!50001 SET collation_connection      = @saved_col_connection */;

--
-- Final view structure for view `x$io_global_by_file_by_bytes`
--

/*!50001 DROP VIEW IF EXISTS `x$io_global_by_file_by_bytes`*/;
/*!50001 SET @saved_cs_client          = @@character_set_client */;
/*!50001 SET @saved_cs_results         = @@character_set_results */;
/*!50001 SET @saved_col_connection     = @@collation_connection */;
/*!50001 SET character_set_client      = utf8mb4 */;
/*!50001 SET character_set_results     = utf8mb4 */;
/*!50001 SET collation_connection      = utf8_general_ci */;
/*!50001 CREATE ALGORITHM=UNDEFINED */
/*!50013 DEFINER=`root`@`localhost` SQL SECURITY DEFINER */
/*!50001 VIEW `x$io_global_by_file_by_bytes` AS select 1 AS `file`,1 AS `count_read`,1 AS `total_read`,1 AS `avg_read`,1 AS `count_write`,1 AS `total_written`,1 AS `avg_write`,1 AS `total`,1 AS `write_pct` */;
/*!50001 SET character_set_client      = @saved_cs_client */;
/*!50001 SET character_set_results     = @saved_cs_results */;
/*!50001 SET collation_connection      = @saved_col_connection */;

--
-- Final view structure for view `x$io_global_by_file_by_latency`
--

/*!50001 DROP VIEW IF EXISTS `x$io_global_by_file_by_latency`*/;
/*!50001 SET @saved_cs_client          = @@character_set_client */;
/*!50001 SET @saved_cs_results         = @@character_set_results */;
/*!50001 SET @saved_col_connection     = @@collation_connection */;
/*!50001 SET character_set_client      = utf8mb4 */;
/*!50001 SET character_set_results     = utf8mb4 */;
/*!50001 SET collation_connection      = utf8_general_ci */;
/*!50001 CREATE ALGORITHM=UNDEFINED */
/*!50013 DEFINER=`root`@`localhost` SQL SECURITY DEFINER */
/*!50001 VIEW `x$io_global_by_file_by_latency` AS select 1 AS `file`,1 AS `total`,1 AS `total_latency`,1 AS `count_read`,1 AS `read_latency`,1 AS `count_write`,1 AS `write_latency`,1 AS `count_misc`,1 AS `misc_latency` */;
/*!50001 SET character_set_client      = @saved_cs_client */;
/*!50001 SET character_set_results     = @saved_cs_results */;
/*!50001 SET collation_connection      = @saved_col_connection */;

--
-- Final view structure for view `x$io_global_by_wait_by_bytes`
--

/*!50001 DROP VIEW IF EXISTS `x$io_global_by_wait_by_bytes`*/;
/*!50001 SET @saved_cs_client          = @@character_set_client */;
/*!50001 SET @saved_cs_results         = @@character_set_results */;
/*!50001 SET @saved_col_connection     = @@collation_connection */;
/*!50001 SET character_set_client      = utf8mb4 */;
/*!50001 SET character_set_results     = utf8mb4 */;
/*!50001 SET collation_connection      = utf8_general_ci */;
/*!50001 CREATE ALGORITHM=UNDEFINED */
/*!50013 DEFINER=`root`@`localhost` SQL SECURITY DEFINER */
/*!50001 VIEW `x$io_global_by_wait_by_bytes` AS select 1 AS `event_name`,1 AS `total`,1 AS `total_latency`,1 AS `min_latency`,1 AS `avg_latency`,1 AS `max_latency`,1 AS `count_read`,1 AS `total_read`,1 AS `avg_read`,1 AS `count_write`,1 AS `total_written`,1 AS `avg_written`,1 AS `total_requested` */;
/*!50001 SET character_set_client      = @saved_cs_client */;
/*!50001 SET character_set_results     = @saved_cs_results */;
/*!50001 SET collation_connection      = @saved_col_connection */;

--
-- Final view structure for view `x$io_global_by_wait_by_latency`
--

/*!50001 DROP VIEW IF EXISTS `x$io_global_by_wait_by_latency`*/;
/*!50001 SET @saved_cs_client          = @@character_set_client */;
/*!50001 SET @saved_cs_results         = @@character_set_results */;
/*!50001 SET @saved_col_connection     = @@collation_connection */;
/*!50001 SET character_set_client      = utf8mb4 */;
/*!50001 SET character_set_results     = utf8mb4 */;
/*!50001 SET collation_connection      = utf8_general_ci */;
/*!50001 CREATE ALGORITHM=UNDEFINED */
/*!50013 DEFINER=`root`@`localhost` SQL SECURITY DEFINER */
/*!50001 VIEW `x$io_global_by_wait_by_latency` AS select 1 AS `event_name`,1 AS `total`,1 AS `total_latency`,1 AS `avg_latency`,1 AS `max_latency`,1 AS `read_latency`,1 AS `write_latency`,1 AS `misc_latency`,1 AS `count_read`,1 AS `total_read`,1 AS `avg_read`,1 AS `count_write`,1 AS `total_written`,1 AS `avg_written` */;
/*!50001 SET character_set_client      = @saved_cs_client */;
/*!50001 SET character_set_results     = @saved_cs_results */;
/*!50001 SET collation_connection      = @saved_col_connection */;

--
-- Final view structure for view `x$latest_file_io`
--

/*!50001 DROP VIEW IF EXISTS `x$latest_file_io`*/;
/*!50001 SET @saved_cs_client          = @@character_set_client */;
/*!50001 SET @saved_cs_results         = @@character_set_results */;
/*!50001 SET @saved_col_connection     = @@collation_connection */;
/*!50001 SET character_set_client      = utf8mb4 */;
/*!50001 SET character_set_results     = utf8mb4 */;
/*!50001 SET collation_connection      = utf8_general_ci */;
/*!50001 CREATE ALGORITHM=UNDEFINED */
/*!50013 DEFINER=`root`@`localhost` SQL SECURITY DEFINER */
/*!50001 VIEW `x$latest_file_io` AS select 1 AS `thread`,1 AS `file`,1 AS `latency`,1 AS `operation`,1 AS `requested` */;
/*!50001 SET character_set_client      = @saved_cs_client */;
/*!50001 SET character_set_results     = @saved_cs_results */;
/*!50001 SET collation_connection      = @saved_col_connection */;

--
-- Final view structure for view `x$memory_by_host_by_current_bytes`
--

/*!50001 DROP VIEW IF EXISTS `x$memory_by_host_by_current_bytes`*/;
/*!50001 SET @saved_cs_client          = @@character_set_client */;
/*!50001 SET @saved_cs_results         = @@character_set_results */;
/*!50001 SET @saved_col_connection     = @@collation_connection */;
/*!50001 SET character_set_client      = utf8mb4 */;
/*!50001 SET character_set_results     = utf8mb4 */;
/*!50001 SET collation_connection      = utf8_general_ci */;
/*!50001 CREATE ALGORITHM=UNDEFINED */
/*!50013 DEFINER=`root`@`localhost` SQL SECURITY DEFINER */
/*!50001 VIEW `x$memory_by_host_by_current_bytes` AS select 1 AS `host`,1 AS `current_count_used`,1 AS `current_allocated`,1 AS `current_avg_alloc`,1 AS `current_max_alloc`,1 AS `total_allocated` */;
/*!50001 SET character_set_client      = @saved_cs_client */;
/*!50001 SET character_set_results     = @saved_cs_results */;
/*!50001 SET collation_connection      = @saved_col_connection */;

--
-- Final view structure for view `x$memory_by_thread_by_current_bytes`
--

/*!50001 DROP VIEW IF EXISTS `x$memory_by_thread_by_current_bytes`*/;
/*!50001 SET @saved_cs_client          = @@character_set_client */;
/*!50001 SET @saved_cs_results         = @@character_set_results */;
/*!50001 SET @saved_col_connection     = @@collation_connection */;
/*!50001 SET character_set_client      = utf8mb4 */;
/*!50001 SET character_set_results     = utf8mb4 */;
/*!50001 SET collation_connection      = utf8_general_ci */;
/*!50001 CREATE ALGORITHM=UNDEFINED */
/*!50013 DEFINER=`root`@`localhost` SQL SECURITY DEFINER */
/*!50001 VIEW `x$memory_by_thread_by_current_bytes` AS select 1 AS `thread_id`,1 AS `user`,1 AS `current_count_used`,1 AS `current_allocated`,1 AS `current_avg_alloc`,1 AS `current_max_alloc`,1 AS `total_allocated` */;
/*!50001 SET character_set_client      = @saved_cs_client */;
/*!50001 SET character_set_results     = @saved_cs_results */;
/*!50001 SET collation_connection      = @saved_col_connection */;

--
-- Final view structure for view `x$memory_by_user_by_current_bytes`
--

/*!50001 DROP VIEW IF EXISTS `x$memory_by_user_by_current_bytes`*/;
/*!50001 SET @saved_cs_client          = @@character_set_client */;
/*!50001 SET @saved_cs_results         = @@character_set_results */;
/*!50001 SET @saved_col_connection     = @@collation_connection */;
/*!50001 SET character_set_client      = utf8mb4 */;
/*!50001 SET character_set_results     = utf8mb4 */;
/*!50001 SET collation_connection      = utf8_general_ci */;
/*!50001 CREATE ALGORITHM=UNDEFINED */
/*!50013 DEFINER=`root`@`localhost` SQL SECURITY DEFINER */
/*!50001 VIEW `x$memory_by_user_by_current_bytes` AS select 1 AS `user`,1 AS `current_count_used`,1 AS `current_allocated`,1 AS `current_avg_alloc`,1 AS `current_max_alloc`,1 AS `total_allocated` */;
/*!50001 SET character_set_client      = @saved_cs_client */;
/*!50001 SET character_set_results     = @saved_cs_results */;
/*!50001 SET collation_connection      = @saved_col_connection */;

--
-- Final view structure for view `x$memory_global_by_current_bytes`
--

/*!50001 DROP VIEW IF EXISTS `x$memory_global_by_current_bytes`*/;
/*!50001 SET @saved_cs_client          = @@character_set_client */;
/*!50001 SET @saved_cs_results         = @@character_set_results */;
/*!50001 SET @saved_col_connection     = @@collation_connection */;
/*!50001 SET character_set_client      = utf8mb4 */;
/*!50001 SET character_set_results     = utf8mb4 */;
/*!50001 SET collation_connection      = utf8_general_ci */;
/*!50001 CREATE ALGORITHM=UNDEFINED */
/*!50013 DEFINER=`root`@`localhost` SQL SECURITY DEFINER */
/*!50001 VIEW `x$memory_global_by_current_bytes` AS select 1 AS `event_name`,1 AS `current_count`,1 AS `current_alloc`,1 AS `current_avg_alloc`,1 AS `high_count`,1 AS `high_alloc`,1 AS `high_avg_alloc` */;
/*!50001 SET character_set_client      = @saved_cs_client */;
/*!50001 SET character_set_results     = @saved_cs_results */;
/*!50001 SET collation_connection      = @saved_col_connection */;

--
-- Final view structure for view `x$memory_global_total`
--

/*!50001 DROP VIEW IF EXISTS `x$memory_global_total`*/;
/*!50001 SET @saved_cs_client          = @@character_set_client */;
/*!50001 SET @saved_cs_results         = @@character_set_results */;
/*!50001 SET @saved_col_connection     = @@collation_connection */;
/*!50001 SET character_set_client      = utf8mb4 */;
/*!50001 SET character_set_results     = utf8mb4 */;
/*!50001 SET collation_connection      = utf8_general_ci */;
/*!50001 CREATE ALGORITHM=UNDEFINED */
/*!50013 DEFINER=`root`@`localhost` SQL SECURITY DEFINER */
/*!50001 VIEW `x$memory_global_total` AS select 1 AS `total_allocated` */;
/*!50001 SET character_set_client      = @saved_cs_client */;
/*!50001 SET character_set_results     = @saved_cs_results */;
/*!50001 SET collation_connection      = @saved_col_connection */;

--
-- Final view structure for view `x$processlist`
--

/*!50001 DROP VIEW IF EXISTS `x$processlist`*/;
/*!50001 SET @saved_cs_client          = @@character_set_client */;
/*!50001 SET @saved_cs_results         = @@character_set_results */;
/*!50001 SET @saved_col_connection     = @@collation_connection */;
/*!50001 SET character_set_client      = utf8mb4 */;
/*!50001 SET character_set_results     = utf8mb4 */;
/*!50001 SET collation_connection      = utf8_general_ci */;
/*!50001 CREATE ALGORITHM=UNDEFINED */
/*!50013 DEFINER=`root`@`localhost` SQL SECURITY DEFINER */
/*!50001 VIEW `x$processlist` AS select 1 AS `thd_id`,1 AS `conn_id`,1 AS `user`,1 AS `db`,1 AS `command`,1 AS `state`,1 AS `time`,1 AS `current_statement`,1 AS `statement_latency`,1 AS `progress`,1 AS `lock_latency`,1 AS `cpu_latency`,1 AS `rows_examined`,1 AS `rows_sent`,1 AS `rows_affected`,1 AS `tmp_tables`,1 AS `tmp_disk_tables`,1 AS `full_scan`,1 AS `last_statement`,1 AS `last_statement_latency`,1 AS `current_memory`,1 AS `last_wait`,1 AS `last_wait_latency`,1 AS `source`,1 AS `trx_latency`,1 AS `trx_state`,1 AS `trx_autocommit`,1 AS `pid`,1 AS `program_name` */;
/*!50001 SET character_set_client      = @saved_cs_client */;
/*!50001 SET character_set_results     = @saved_cs_results */;
/*!50001 SET collation_connection      = @saved_col_connection */;

--
-- Final view structure for view `x$ps_digest_95th_percentile_by_avg_us`
--

/*!50001 DROP VIEW IF EXISTS `x$ps_digest_95th_percentile_by_avg_us`*/;
/*!50001 SET @saved_cs_client          = @@character_set_client */;
/*!50001 SET @saved_cs_results         = @@character_set_results */;
/*!50001 SET @saved_col_connection     = @@collation_connection */;
/*!50001 SET character_set_client      = utf8mb4 */;
/*!50001 SET character_set_results     = utf8mb4 */;
/*!50001 SET collation_connection      = utf8_general_ci */;
/*!50001 CREATE ALGORITHM=UNDEFINED */
/*!50013 DEFINER=`root`@`localhost` SQL SECURITY DEFINER */
/*!50001 VIEW `x$ps_digest_95th_percentile_by_avg_us` AS select 1 AS `avg_us`,1 AS `percentile` */;
/*!50001 SET character_set_client      = @saved_cs_client */;
/*!50001 SET character_set_results     = @saved_cs_results */;
/*!50001 SET collation_connection      = @saved_col_connection */;

--
-- Final view structure for view `x$ps_digest_avg_latency_distribution`
--

/*!50001 DROP VIEW IF EXISTS `x$ps_digest_avg_latency_distribution`*/;
/*!50001 SET @saved_cs_client          = @@character_set_client */;
/*!50001 SET @saved_cs_results         = @@character_set_results */;
/*!50001 SET @saved_col_connection     = @@collation_connection */;
/*!50001 SET character_set_client      = utf8mb4 */;
/*!50001 SET character_set_results     = utf8mb4 */;
/*!50001 SET collation_connection      = utf8_general_ci */;
/*!50001 CREATE ALGORITHM=UNDEFINED */
/*!50013 DEFINER=`root`@`localhost` SQL SECURITY DEFINER */
/*!50001 VIEW `x$ps_digest_avg_latency_distribution` AS select 1 AS `cnt`,1 AS `avg_us` */;
/*!50001 SET character_set_client      = @saved_cs_client */;
/*!50001 SET character_set_results     = @saved_cs_results */;
/*!50001 SET collation_connection      = @saved_col_connection */;

--
-- Final view structure for view `x$ps_schema_table_statistics_io`
--

/*!50001 DROP VIEW IF EXISTS `x$ps_schema_table_statistics_io`*/;
/*!50001 SET @saved_cs_client          = @@character_set_client */;
/*!50001 SET @saved_cs_results         = @@character_set_results */;
/*!50001 SET @saved_col_connection     = @@collation_connection */;
/*!50001 SET character_set_client      = utf8mb4 */;
/*!50001 SET character_set_results     = utf8mb4 */;
/*!50001 SET collation_connection      = utf8_general_ci */;
/*!50001 CREATE ALGORITHM=UNDEFINED */
/*!50013 DEFINER=`root`@`localhost` SQL SECURITY DEFINER */
/*!50001 VIEW `x$ps_schema_table_statistics_io` AS select 1 AS `table_schema`,1 AS `table_name`,1 AS `count_read`,1 AS `sum_number_of_bytes_read`,1 AS `sum_timer_read`,1 AS `count_write`,1 AS `sum_number_of_bytes_write`,1 AS `sum_timer_write`,1 AS `count_misc`,1 AS `sum_timer_misc` */;
/*!50001 SET character_set_client      = @saved_cs_client */;
/*!50001 SET character_set_results     = @saved_cs_results */;
/*!50001 SET collation_connection      = @saved_col_connection */;

--
-- Final view structure for view `x$schema_flattened_keys`
--

/*!50001 DROP VIEW IF EXISTS `x$schema_flattened_keys`*/;
/*!50001 SET @saved_cs_client          = @@character_set_client */;
/*!50001 SET @saved_cs_results         = @@character_set_results */;
/*!50001 SET @saved_col_connection     = @@collation_connection */;
/*!50001 SET character_set_client      = utf8mb4 */;
/*!50001 SET character_set_results     = utf8mb4 */;
/*!50001 SET collation_connection      = utf8_general_ci */;
/*!50001 CREATE ALGORITHM=UNDEFINED */
/*!50013 DEFINER=`root`@`localhost` SQL SECURITY DEFINER */
/*!50001 VIEW `x$schema_flattened_keys` AS select 1 AS `table_schema`,1 AS `table_name`,1 AS `index_name`,1 AS `non_unique`,1 AS `subpart_exists`,1 AS `index_columns` */;
/*!50001 SET character_set_client      = @saved_cs_client */;
/*!50001 SET character_set_results     = @saved_cs_results */;
/*!50001 SET collation_connection      = @saved_col_connection */;

--
-- Final view structure for view `x$schema_index_statistics`
--

/*!50001 DROP VIEW IF EXISTS `x$schema_index_statistics`*/;
/*!50001 SET @saved_cs_client          = @@character_set_client */;
/*!50001 SET @saved_cs_results         = @@character_set_results */;
/*!50001 SET @saved_col_connection     = @@collation_connection */;
/*!50001 SET character_set_client      = utf8mb4 */;
/*!50001 SET character_set_results     = utf8mb4 */;
/*!50001 SET collation_connection      = utf8_general_ci */;
/*!50001 CREATE ALGORITHM=UNDEFINED */
/*!50013 DEFINER=`root`@`localhost` SQL SECURITY DEFINER */
/*!50001 VIEW `x$schema_index_statistics` AS select 1 AS `table_schema`,1 AS `table_name`,1 AS `index_name`,1 AS `rows_selected`,1 AS `select_latency`,1 AS `rows_inserted`,1 AS `insert_latency`,1 AS `rows_updated`,1 AS `update_latency`,1 AS `rows_deleted`,1 AS `delete_latency` */;
/*!50001 SET character_set_client      = @saved_cs_client */;
/*!50001 SET character_set_results     = @saved_cs_results */;
/*!50001 SET collation_connection      = @saved_col_connection */;

--
-- Final view structure for view `x$schema_table_lock_waits`
--

/*!50001 DROP VIEW IF EXISTS `x$schema_table_lock_waits`*/;
/*!50001 SET @saved_cs_client          = @@character_set_client */;
/*!50001 SET @saved_cs_results         = @@character_set_results */;
/*!50001 SET @saved_col_connection     = @@collation_connection */;
/*!50001 SET character_set_client      = utf8mb4 */;
/*!50001 SET character_set_results     = utf8mb4 */;
/*!50001 SET collation_connection      = utf8_general_ci */;
/*!50001 CREATE ALGORITHM=UNDEFINED */
/*!50013 DEFINER=`root`@`localhost` SQL SECURITY DEFINER */
/*!50001 VIEW `x$schema_table_lock_waits` AS select 1 AS `object_schema`,1 AS `object_name`,1 AS `waiting_thread_id`,1 AS `waiting_pid`,1 AS `waiting_account`,1 AS `waiting_lock_type`,1 AS `waiting_lock_duration`,1 AS `waiting_query`,1 AS `waiting_query_secs`,1 AS `waiting_query_rows_affected`,1 AS `waiting_query_rows_examined`,1 AS `blocking_thread_id`,1 AS `blocking_pid`,1 AS `blocking_account`,1 AS `blocking_lock_type`,1 AS `blocking_lock_duration`,1 AS `sql_kill_blocking_query`,1 AS `sql_kill_blocking_connection` */;
/*!50001 SET character_set_client      = @saved_cs_client */;
/*!50001 SET character_set_results     = @saved_cs_results */;
/*!50001 SET collation_connection      = @saved_col_connection */;

--
-- Final view structure for view `x$schema_table_statistics`
--

/*!50001 DROP VIEW IF EXISTS `x$schema_table_statistics`*/;
/*!50001 SET @saved_cs_client          = @@character_set_client */;
/*!50001 SET @saved_cs_results         = @@character_set_results */;
/*!50001 SET @saved_col_connection     = @@collation_connection */;
/*!50001 SET character_set_client      = utf8mb4 */;
/*!50001 SET character_set_results     = utf8mb4 */;
/*!50001 SET collation_connection      = utf8_general_ci */;
/*!50001 CREATE ALGORITHM=UNDEFINED */
/*!50013 DEFINER=`root`@`localhost` SQL SECURITY DEFINER */
/*!50001 VIEW `x$schema_table_statistics` AS select 1 AS `table_schema`,1 AS `table_name`,1 AS `total_latency`,1 AS `rows_fetched`,1 AS `fetch_latency`,1 AS `rows_inserted`,1 AS `insert_latency`,1 AS `rows_updated`,1 AS `update_latency`,1 AS `rows_deleted`,1 AS `delete_latency`,1 AS `io_read_requests`,1 AS `io_read`,1 AS `io_read_latency`,1 AS `io_write_requests`,1 AS `io_write`,1 AS `io_write_latency`,1 AS `io_misc_requests`,1 AS `io_misc_latency` */;
/*!50001 SET character_set_client      = @saved_cs_client */;
/*!50001 SET character_set_results     = @saved_cs_results */;
/*!50001 SET collation_connection      = @saved_col_connection */;

--
-- Final view structure for view `x$schema_table_statistics_with_buffer`
--

/*!50001 DROP VIEW IF EXISTS `x$schema_table_statistics_with_buffer`*/;
/*!50001 SET @saved_cs_client          = @@character_set_client */;
/*!50001 SET @saved_cs_results         = @@character_set_results */;
/*!50001 SET @saved_col_connection     = @@collation_connection */;
/*!50001 SET character_set_client      = utf8mb4 */;
/*!50001 SET character_set_results     = utf8mb4 */;
/*!50001 SET collation_connection      = utf8_general_ci */;
/*!50001 CREATE ALGORITHM=UNDEFINED */
/*!50013 DEFINER=`root`@`localhost` SQL SECURITY DEFINER */
/*!50001 VIEW `x$schema_table_statistics_with_buffer` AS select 1 AS `table_schema`,1 AS `table_name`,1 AS `rows_fetched`,1 AS `fetch_latency`,1 AS `rows_inserted`,1 AS `insert_latency`,1 AS `rows_updated`,1 AS `update_latency`,1 AS `rows_deleted`,1 AS `delete_latency`,1 AS `io_read_requests`,1 AS `io_read`,1 AS `io_read_latency`,1 AS `io_write_requests`,1 AS `io_write`,1 AS `io_write_latency`,1 AS `io_misc_requests`,1 AS `io_misc_latency`,1 AS `innodb_buffer_allocated`,1 AS `innodb_buffer_data`,1 AS `innodb_buffer_free`,1 AS `innodb_buffer_pages`,1 AS `innodb_buffer_pages_hashed`,1 AS `innodb_buffer_pages_old`,1 AS `innodb_buffer_rows_cached` */;
/*!50001 SET character_set_client      = @saved_cs_client */;
/*!50001 SET character_set_results     = @saved_cs_results */;
/*!50001 SET collation_connection      = @saved_col_connection */;

--
-- Final view structure for view `x$schema_tables_with_full_table_scans`
--

/*!50001 DROP VIEW IF EXISTS `x$schema_tables_with_full_table_scans`*/;
/*!50001 SET @saved_cs_client          = @@character_set_client */;
/*!50001 SET @saved_cs_results         = @@character_set_results */;
/*!50001 SET @saved_col_connection     = @@collation_connection */;
/*!50001 SET character_set_client      = utf8mb4 */;
/*!50001 SET character_set_results     = utf8mb4 */;
/*!50001 SET collation_connection      = utf8_general_ci */;
/*!50001 CREATE ALGORITHM=UNDEFINED */
/*!50013 DEFINER=`root`@`localhost` SQL SECURITY DEFINER */
/*!50001 VIEW `x$schema_tables_with_full_table_scans` AS select 1 AS `object_schema`,1 AS `object_name`,1 AS `rows_full_scanned`,1 AS `latency` */;
/*!50001 SET character_set_client      = @saved_cs_client */;
/*!50001 SET character_set_results     = @saved_cs_results */;
/*!50001 SET collation_connection      = @saved_col_connection */;

--
-- Final view structure for view `x$session`
--

/*!50001 DROP VIEW IF EXISTS `x$session`*/;
/*!50001 SET @saved_cs_client          = @@character_set_client */;
/*!50001 SET @saved_cs_results         = @@character_set_results */;
/*!50001 SET @saved_col_connection     = @@collation_connection */;
/*!50001 SET character_set_client      = utf8mb4 */;
/*!50001 SET character_set_results     = utf8mb4 */;
/*!50001 SET collation_connection      = utf8_general_ci */;
/*!50001 CREATE ALGORITHM=UNDEFINED */
/*!50013 DEFINER=`root`@`localhost` SQL SECURITY DEFINER */
/*!50001 VIEW `x$session` AS select 1 AS `thd_id`,1 AS `conn_id`,1 AS `user`,1 AS `db`,1 AS `command`,1 AS `state`,1 AS `time`,1 AS `current_statement`,1 AS `statement_latency`,1 AS `progress`,1 AS `lock_latency`,1 AS `cpu_latency`,1 AS `rows_examined`,1 AS `rows_sent`,1 AS `rows_affected`,1 AS `tmp_tables`,1 AS `tmp_disk_tables`,1 AS `full_scan`,1 AS `last_statement`,1 AS `last_statement_latency`,1 AS `current_memory`,1 AS `last_wait`,1 AS `last_wait_latency`,1 AS `source`,1 AS `trx_latency`,1 AS `trx_state`,1 AS `trx_autocommit`,1 AS `pid`,1 AS `program_name` */;
/*!50001 SET character_set_client      = @saved_cs_client */;
/*!50001 SET character_set_results     = @saved_cs_results */;
/*!50001 SET collation_connection      = @saved_col_connection */;

--
-- Final view structure for view `x$statement_analysis`
--

/*!50001 DROP VIEW IF EXISTS `x$statement_analysis`*/;
/*!50001 SET @saved_cs_client          = @@character_set_client */;
/*!50001 SET @saved_cs_results         = @@character_set_results */;
/*!50001 SET @saved_col_connection     = @@collation_connection */;
/*!50001 SET character_set_client      = utf8mb4 */;
/*!50001 SET character_set_results     = utf8mb4 */;
/*!50001 SET collation_connection      = utf8_general_ci */;
/*!50001 CREATE ALGORITHM=UNDEFINED */
/*!50013 DEFINER=`root`@`localhost` SQL SECURITY DEFINER */
/*!50001 VIEW `x$statement_analysis` AS select 1 AS `query`,1 AS `db`,1 AS `full_scan`,1 AS `exec_count`,1 AS `err_count`,1 AS `warn_count`,1 AS `total_latency`,1 AS `max_latency`,1 AS `avg_latency`,1 AS `lock_latency`,1 AS `cpu_latency`,1 AS `rows_sent`,1 AS `rows_sent_avg`,1 AS `rows_examined`,1 AS `rows_examined_avg`,1 AS `rows_affected`,1 AS `rows_affected_avg`,1 AS `tmp_tables`,1 AS `tmp_disk_tables`,1 AS `rows_sorted`,1 AS `sort_merge_passes`,1 AS `digest`,1 AS `first_seen`,1 AS `last_seen` */;
/*!50001 SET character_set_client      = @saved_cs_client */;
/*!50001 SET character_set_results     = @saved_cs_results */;
/*!50001 SET collation_connection      = @saved_col_connection */;

--
-- Final view structure for view `x$statements_with_errors_or_warnings`
--

/*!50001 DROP VIEW IF EXISTS `x$statements_with_errors_or_warnings`*/;
/*!50001 SET @saved_cs_client          = @@character_set_client */;
/*!50001 SET @saved_cs_results         = @@character_set_results */;
/*!50001 SET @saved_col_connection     = @@collation_connection */;
/*!50001 SET character_set_client      = utf8mb4 */;
/*!50001 SET character_set_results     = utf8mb4 */;
/*!50001 SET collation_connection      = utf8_general_ci */;
/*!50001 CREATE ALGORITHM=UNDEFINED */
/*!50013 DEFINER=`root`@`localhost` SQL SECURITY DEFINER */
/*!50001 VIEW `x$statements_with_errors_or_warnings` AS select 1 AS `query`,1 AS `db`,1 AS `exec_count`,1 AS `errors`,1 AS `error_pct`,1 AS `warnings`,1 AS `warning_pct`,1 AS `first_seen`,1 AS `last_seen`,1 AS `digest` */;
/*!50001 SET character_set_client      = @saved_cs_client */;
/*!50001 SET character_set_results     = @saved_cs_results */;
/*!50001 SET collation_connection      = @saved_col_connection */;

--
-- Final view structure for view `x$statements_with_full_table_scans`
--

/*!50001 DROP VIEW IF EXISTS `x$statements_with_full_table_scans`*/;
/*!50001 SET @saved_cs_client          = @@character_set_client */;
/*!50001 SET @saved_cs_results         = @@character_set_results */;
/*!50001 SET @saved_col_connection     = @@collation_connection */;
/*!50001 SET character_set_client      = utf8mb4 */;
/*!50001 SET character_set_results     = utf8mb4 */;
/*!50001 SET collation_connection      = utf8_general_ci */;
/*!50001 CREATE ALGORITHM=UNDEFINED */
/*!50013 DEFINER=`root`@`localhost` SQL SECURITY DEFINER */
/*!50001 VIEW `x$statements_with_full_table_scans` AS select 1 AS `query`,1 AS `db`,1 AS `exec_count`,1 AS `total_latency`,1 AS `no_index_used_count`,1 AS `no_good_index_used_count`,1 AS `no_index_used_pct`,1 AS `rows_sent`,1 AS `rows_examined`,1 AS `rows_sent_avg`,1 AS `rows_examined_avg`,1 AS `first_seen`,1 AS `last_seen`,1 AS `digest` */;
/*!50001 SET character_set_client      = @saved_cs_client */;
/*!50001 SET character_set_results     = @saved_cs_results */;
/*!50001 SET collation_connection      = @saved_col_connection */;

--
-- Final view structure for view `x$statements_with_runtimes_in_95th_percentile`
--

/*!50001 DROP VIEW IF EXISTS `x$statements_with_runtimes_in_95th_percentile`*/;
/*!50001 SET @saved_cs_client          = @@character_set_client */;
/*!50001 SET @saved_cs_results         = @@character_set_results */;
/*!50001 SET @saved_col_connection     = @@collation_connection */;
/*!50001 SET character_set_client      = utf8mb4 */;
/*!50001 SET character_set_results     = utf8mb4 */;
/*!50001 SET collation_connection      = utf8_general_ci */;
/*!50001 CREATE ALGORITHM=UNDEFINED */
/*!50013 DEFINER=`root`@`localhost` SQL SECURITY DEFINER */
/*!50001 VIEW `x$statements_with_runtimes_in_95th_percentile` AS select 1 AS `query`,1 AS `db`,1 AS `full_scan`,1 AS `exec_count`,1 AS `err_count`,1 AS `warn_count`,1 AS `total_latency`,1 AS `max_latency`,1 AS `avg_latency`,1 AS `rows_sent`,1 AS `rows_sent_avg`,1 AS `rows_examined`,1 AS `rows_examined_avg`,1 AS `first_seen`,1 AS `last_seen`,1 AS `digest` */;
/*!50001 SET character_set_client      = @saved_cs_client */;
/*!50001 SET character_set_results     = @saved_cs_results */;
/*!50001 SET collation_connection      = @saved_col_connection */;

--
-- Final view structure for view `x$statements_with_sorting`
--

/*!50001 DROP VIEW IF EXISTS `x$statements_with_sorting`*/;
/*!50001 SET @saved_cs_client          = @@character_set_client */;
/*!50001 SET @saved_cs_results         = @@character_set_results */;
/*!50001 SET @saved_col_connection     = @@collation_connection */;
/*!50001 SET character_set_client      = utf8mb4 */;
/*!50001 SET character_set_results     = utf8mb4 */;
/*!50001 SET collation_connection      = utf8_general_ci */;
/*!50001 CREATE ALGORITHM=UNDEFINED */
/*!50013 DEFINER=`root`@`localhost` SQL SECURITY DEFINER */
/*!50001 VIEW `x$statements_with_sorting` AS select 1 AS `query`,1 AS `db`,1 AS `exec_count`,1 AS `total_latency`,1 AS `sort_merge_passes`,1 AS `avg_sort_merges`,1 AS `sorts_using_scans`,1 AS `sort_using_range`,1 AS `rows_sorted`,1 AS `avg_rows_sorted`,1 AS `first_seen`,1 AS `last_seen`,1 AS `digest` */;
/*!50001 SET character_set_client      = @saved_cs_client */;
/*!50001 SET character_set_results     = @saved_cs_results */;
/*!50001 SET collation_connection      = @saved_col_connection */;

--
-- Final view structure for view `x$statements_with_temp_tables`
--

/*!50001 DROP VIEW IF EXISTS `x$statements_with_temp_tables`*/;
/*!50001 SET @saved_cs_client          = @@character_set_client */;
/*!50001 SET @saved_cs_results         = @@character_set_results */;
/*!50001 SET @saved_col_connection     = @@collation_connection */;
/*!50001 SET character_set_client      = utf8mb4 */;
/*!50001 SET character_set_results     = utf8mb4 */;
/*!50001 SET collation_connection      = utf8_general_ci */;
/*!50001 CREATE ALGORITHM=UNDEFINED */
/*!50013 DEFINER=`root`@`localhost` SQL SECURITY DEFINER */
/*!50001 VIEW `x$statements_with_temp_tables` AS select 1 AS `query`,1 AS `db`,1 AS `exec_count`,1 AS `total_latency`,1 AS `memory_tmp_tables`,1 AS `disk_tmp_tables`,1 AS `avg_tmp_tables_per_query`,1 AS `tmp_tables_to_disk_pct`,1 AS `first_seen`,1 AS `last_seen`,1 AS `digest` */;
/*!50001 SET character_set_client      = @saved_cs_client */;
/*!50001 SET character_set_results     = @saved_cs_results */;
/*!50001 SET collation_connection      = @saved_col_connection */;

--
-- Final view structure for view `x$user_summary`
--

/*!50001 DROP VIEW IF EXISTS `x$user_summary`*/;
/*!50001 SET @saved_cs_client          = @@character_set_client */;
/*!50001 SET @saved_cs_results         = @@character_set_results */;
/*!50001 SET @saved_col_connection     = @@collation_connection */;
/*!50001 SET character_set_client      = utf8mb4 */;
/*!50001 SET character_set_results     = utf8mb4 */;
/*!50001 SET collation_connection      = utf8_general_ci */;
/*!50001 CREATE ALGORITHM=UNDEFINED */
/*!50013 DEFINER=`root`@`localhost` SQL SECURITY DEFINER */
/*!50001 VIEW `x$user_summary` AS select 1 AS `user`,1 AS `statements`,1 AS `statement_latency`,1 AS `statement_avg_latency`,1 AS `table_scans`,1 AS `file_ios`,1 AS `file_io_latency`,1 AS `current_connections`,1 AS `total_connections`,1 AS `unique_hosts`,1 AS `current_memory`,1 AS `total_memory_allocated` */;
/*!50001 SET character_set_client      = @saved_cs_client */;
/*!50001 SET character_set_results     = @saved_cs_results */;
/*!50001 SET collation_connection      = @saved_col_connection */;

--
-- Final view structure for view `x$user_summary_by_file_io`
--

/*!50001 DROP VIEW IF EXISTS `x$user_summary_by_file_io`*/;
/*!50001 SET @saved_cs_client          = @@character_set_client */;
/*!50001 SET @saved_cs_results         = @@character_set_results */;
/*!50001 SET @saved_col_connection     = @@collation_connection */;
/*!50001 SET character_set_client      = utf8mb4 */;
/*!50001 SET character_set_results     = utf8mb4 */;
/*!50001 SET collation_connection      = utf8_general_ci */;
/*!50001 CREATE ALGORITHM=UNDEFINED */
/*!50013 DEFINER=`root`@`localhost` SQL SECURITY DEFINER */
/*!50001 VIEW `x$user_summary_by_file_io` AS select 1 AS `user`,1 AS `ios`,1 AS `io_latency` */;
/*!50001 SET character_set_client      = @saved_cs_client */;
/*!50001 SET character_set_results     = @saved_cs_results */;
/*!50001 SET collation_connection      = @saved_col_connection */;

--
-- Final view structure for view `x$user_summary_by_file_io_type`
--

/*!50001 DROP VIEW IF EXISTS `x$user_summary_by_file_io_type`*/;
/*!50001 SET @saved_cs_client          = @@character_set_client */;
/*!50001 SET @saved_cs_results         = @@character_set_results */;
/*!50001 SET @saved_col_connection     = @@collation_connection */;
/*!50001 SET character_set_client      = utf8mb4 */;
/*!50001 SET character_set_results     = utf8mb4 */;
/*!50001 SET collation_connection      = utf8_general_ci */;
/*!50001 CREATE ALGORITHM=UNDEFINED */
/*!50013 DEFINER=`root`@`localhost` SQL SECURITY DEFINER */
/*!50001 VIEW `x$user_summary_by_file_io_type` AS select 1 AS `user`,1 AS `event_name`,1 AS `total`,1 AS `latency`,1 AS `max_latency` */;
/*!50001 SET character_set_client      = @saved_cs_client */;
/*!50001 SET character_set_results     = @saved_cs_results */;
/*!50001 SET collation_connection      = @saved_col_connection */;

--
-- Final view structure for view `x$user_summary_by_stages`
--

/*!50001 DROP VIEW IF EXISTS `x$user_summary_by_stages`*/;
/*!50001 SET @saved_cs_client          = @@character_set_client */;
/*!50001 SET @saved_cs_results         = @@character_set_results */;
/*!50001 SET @saved_col_connection     = @@collation_connection */;
/*!50001 SET character_set_client      = utf8mb4 */;
/*!50001 SET character_set_results     = utf8mb4 */;
/*!50001 SET collation_connection      = utf8_general_ci */;
/*!50001 CREATE ALGORITHM=UNDEFINED */
/*!50013 DEFINER=`root`@`localhost` SQL SECURITY DEFINER */
/*!50001 VIEW `x$user_summary_by_stages` AS select 1 AS `user`,1 AS `event_name`,1 AS `total`,1 AS `total_latency`,1 AS `avg_latency` */;
/*!50001 SET character_set_client      = @saved_cs_client */;
/*!50001 SET character_set_results     = @saved_cs_results */;
/*!50001 SET collation_connection      = @saved_col_connection */;

--
-- Final view structure for view `x$user_summary_by_statement_latency`
--

/*!50001 DROP VIEW IF EXISTS `x$user_summary_by_statement_latency`*/;
/*!50001 SET @saved_cs_client          = @@character_set_client */;
/*!50001 SET @saved_cs_results         = @@character_set_results */;
/*!50001 SET @saved_col_connection     = @@collation_connection */;
/*!50001 SET character_set_client      = utf8mb4 */;
/*!50001 SET character_set_results     = utf8mb4 */;
/*!50001 SET collation_connection      = utf8_general_ci */;
/*!50001 CREATE ALGORITHM=UNDEFINED */
/*!50013 DEFINER=`root`@`localhost` SQL SECURITY DEFINER */
/*!50001 VIEW `x$user_summary_by_statement_latency` AS select 1 AS `user`,1 AS `total`,1 AS `total_latency`,1 AS `max_latency`,1 AS `lock_latency`,1 AS `cpu_latency`,1 AS `rows_sent`,1 AS `rows_examined`,1 AS `rows_affected`,1 AS `full_scans` */;
/*!50001 SET character_set_client      = @saved_cs_client */;
/*!50001 SET character_set_results     = @saved_cs_results */;
/*!50001 SET collation_connection      = @saved_col_connection */;

--
-- Final view structure for view `x$user_summary_by_statement_type`
--

/*!50001 DROP VIEW IF EXISTS `x$user_summary_by_statement_type`*/;
/*!50001 SET @saved_cs_client          = @@character_set_client */;
/*!50001 SET @saved_cs_results         = @@character_set_results */;
/*!50001 SET @saved_col_connection     = @@collation_connection */;
/*!50001 SET character_set_client      = utf8mb4 */;
/*!50001 SET character_set_results     = utf8mb4 */;
/*!50001 SET collation_connection      = utf8_general_ci */;
/*!50001 CREATE ALGORITHM=UNDEFINED */
/*!50013 DEFINER=`root`@`localhost` SQL SECURITY DEFINER */
/*!50001 VIEW `x$user_summary_by_statement_type` AS select 1 AS `user`,1 AS `statement`,1 AS `total`,1 AS `total_latency`,1 AS `max_latency`,1 AS `lock_latency`,1 AS `cpu_latency`,1 AS `rows_sent`,1 AS `rows_examined`,1 AS `rows_affected`,1 AS `full_scans` */;
/*!50001 SET character_set_client      = @saved_cs_client */;
/*!50001 SET character_set_results     = @saved_cs_results */;
/*!50001 SET collation_connection      = @saved_col_connection */;

--
-- Final view structure for view `x$wait_classes_global_by_avg_latency`
--

/*!50001 DROP VIEW IF EXISTS `x$wait_classes_global_by_avg_latency`*/;
/*!50001 SET @saved_cs_client          = @@character_set_client */;
/*!50001 SET @saved_cs_results         = @@character_set_results */;
/*!50001 SET @saved_col_connection     = @@collation_connection */;
/*!50001 SET character_set_client      = utf8mb4 */;
/*!50001 SET character_set_results     = utf8mb4 */;
/*!50001 SET collation_connection      = utf8_general_ci */;
/*!50001 CREATE ALGORITHM=UNDEFINED */
/*!50013 DEFINER=`root`@`localhost` SQL SECURITY DEFINER */
/*!50001 VIEW `x$wait_classes_global_by_avg_latency` AS select 1 AS `event_class`,1 AS `total`,1 AS `total_latency`,1 AS `min_latency`,1 AS `avg_latency`,1 AS `max_latency` */;
/*!50001 SET character_set_client      = @saved_cs_client */;
/*!50001 SET character_set_results     = @saved_cs_results */;
/*!50001 SET collation_connection      = @saved_col_connection */;

--
-- Final view structure for view `x$wait_classes_global_by_latency`
--

/*!50001 DROP VIEW IF EXISTS `x$wait_classes_global_by_latency`*/;
/*!50001 SET @saved_cs_client          = @@character_set_client */;
/*!50001 SET @saved_cs_results         = @@character_set_results */;
/*!50001 SET @saved_col_connection     = @@collation_connection */;
/*!50001 SET character_set_client      = utf8mb4 */;
/*!50001 SET character_set_results     = utf8mb4 */;
/*!50001 SET collation_connection      = utf8_general_ci */;
/*!50001 CREATE ALGORITHM=UNDEFINED */
/*!50013 DEFINER=`root`@`localhost` SQL SECURITY DEFINER */
/*!50001 VIEW `x$wait_classes_global_by_latency` AS select 1 AS `event_class`,1 AS `total`,1 AS `total_latency`,1 AS `min_latency`,1 AS `avg_latency`,1 AS `max_latency` */;
/*!50001 SET character_set_client      = @saved_cs_client */;
/*!50001 SET character_set_results     = @saved_cs_results */;
/*!50001 SET collation_connection      = @saved_col_connection */;

--
-- Final view structure for view `x$waits_by_host_by_latency`
--

/*!50001 DROP VIEW IF EXISTS `x$waits_by_host_by_latency`*/;
/*!50001 SET @saved_cs_client          = @@character_set_client */;
/*!50001 SET @saved_cs_results         = @@character_set_results */;
/*!50001 SET @saved_col_connection     = @@collation_connection */;
/*!50001 SET character_set_client      = utf8mb4 */;
/*!50001 SET character_set_results     = utf8mb4 */;
/*!50001 SET collation_connection      = utf8_general_ci */;
/*!50001 CREATE ALGORITHM=UNDEFINED */
/*!50013 DEFINER=`root`@`localhost` SQL SECURITY DEFINER */
/*!50001 VIEW `x$waits_by_host_by_latency` AS select 1 AS `host`,1 AS `event`,1 AS `total`,1 AS `total_latency`,1 AS `avg_latency`,1 AS `max_latency` */;
/*!50001 SET character_set_client      = @saved_cs_client */;
/*!50001 SET character_set_results     = @saved_cs_results */;
/*!50001 SET collation_connection      = @saved_col_connection */;

--
-- Final view structure for view `x$waits_by_user_by_latency`
--

/*!50001 DROP VIEW IF EXISTS `x$waits_by_user_by_latency`*/;
/*!50001 SET @saved_cs_client          = @@character_set_client */;
/*!50001 SET @saved_cs_results         = @@character_set_results */;
/*!50001 SET @saved_col_connection     = @@collation_connection */;
/*!50001 SET character_set_client      = utf8mb4 */;
/*!50001 SET character_set_results     = utf8mb4 */;
/*!50001 SET collation_connection      = utf8_general_ci */;
/*!50001 CREATE ALGORITHM=UNDEFINED */
/*!50013 DEFINER=`root`@`localhost` SQL SECURITY DEFINER */
/*!50001 VIEW `x$waits_by_user_by_latency` AS select 1 AS `user`,1 AS `event`,1 AS `total`,1 AS `total_latency`,1 AS `avg_latency`,1 AS `max_latency` */;
/*!50001 SET character_set_client      = @saved_cs_client */;
/*!50001 SET character_set_results     = @saved_cs_results */;
/*!50001 SET collation_connection      = @saved_col_connection */;

--
-- Final view structure for view `x$waits_global_by_latency`
--

/*!50001 DROP VIEW IF EXISTS `x$waits_global_by_latency`*/;
/*!50001 SET @saved_cs_client          = @@character_set_client */;
/*!50001 SET @saved_cs_results         = @@character_set_results */;
/*!50001 SET @saved_col_connection     = @@collation_connection */;
/*!50001 SET character_set_client      = utf8mb4 */;
/*!50001 SET character_set_results     = utf8mb4 */;
/*!50001 SET collation_connection      = utf8_general_ci */;
/*!50001 CREATE ALGORITHM=UNDEFINED */
/*!50013 DEFINER=`root`@`localhost` SQL SECURITY DEFINER */
/*!50001 VIEW `x$waits_global_by_latency` AS select 1 AS `events`,1 AS `total`,1 AS `total_latency`,1 AS `avg_latency`,1 AS `max_latency` */;
/*!50001 SET character_set_client      = @saved_cs_client */;
/*!50001 SET character_set_results     = @saved_cs_results */;
/*!50001 SET collation_connection      = @saved_col_connection */;
/*!40103 SET TIME_ZONE=@OLD_TIME_ZONE */;

/*!40101 SET SQL_MODE=@OLD_SQL_MODE */;
/*!40014 SET FOREIGN_KEY_CHECKS=@OLD_FOREIGN_KEY_CHECKS */;
/*!40014 SET UNIQUE_CHECKS=@OLD_UNIQUE_CHECKS */;
/*!40101 SET CHARACTER_SET_CLIENT=@OLD_CHARACTER_SET_CLIENT */;
/*!40101 SET CHARACTER_SET_RESULTS=@OLD_CHARACTER_SET_RESULTS */;
/*!40101 SET COLLATION_CONNECTION=@OLD_COLLATION_CONNECTION */;
/*!40111 SET SQL_NOTES=@OLD_SQL_NOTES */;

-- Dump completed on 2022-06-15 22:28:45
